English,Target,Predicted
thermax,थरमैक्स,थर्माक्
learn,लर्न,लीर्
tirunelveli,तिरुनेलवेली,तिरुनलेवली
independence,इंडिपेंडेंस,इंडीपेंडेंस
shurooh,शुरूः,शुरूह
ajhar,अजहर,झझर
karaar,क़रार,करार
anka,अंक,अनक
wpd,डब्ल्यूपीडी,वीपीडी
haashie,हाशिए,हाशी
udhed,उधेड़,औधेद
ekthi,इकठ्ठी,एकती
idea,आईडिया,आईडीए
makerere,माकेरेरे,मकेरे
saboodaane,साबूदाने,सबूदाने
foohadta,फूहड़ता,फूहदता
sequent,सेक्वेंट,सीक्वेंट
shueb,शुऐब,शुएब
panihati,पानीहाटी,पनिहाटी
sametati,समेटती,समेतती
ukhrul,उखरुल,खुर्ल
brahmlin,ब्रह्मलीन,ब्रह्मलिन
utaraadhikaaree,उतराधिकारी,ऊतराधिकारी
iqbal,इक़बाल,इक्बाल
dayaalapuraa,दयालपुरा,दयालापुर
takreeban,तक़रीबन,तकरीबान
farrukhnagar,फर्रूखनगर,फर्रखनगर
theinga,ठेंगा,थींगा
tyoiharon,त्यौहारों,त्योहिरार
karneshvardhaam,कर्णेश्वरधाम,करणेश्वरधाम
daanshil,दानशील,डांशील
shantiniketan,शांतिनिकेतन,शान्तिनिकेट
shikayatkarta,शिकायतकर्ता,शिकायकतर्ता
andarkhane,अंदरखाने,अनदररखान
panter,पंटर,पैंट
leedaron,लीडरों,लीदरों
galgand,गलगंड,गैलगं
kaarniyaan,कार्नियां,कार्णियाँ
modules,मॉड्यूल्स,मोडल्यूस
rajouri,रजौरी,राजौर
shringaar,शृंगार,श्रींग
laigikata,लैंगिकता,लाइगिकता
bhutal,भूतल,भुतल
nineteez,नाइनटीज,निनीटीज
eyarkandeeshnar,एयरकंडीशनर,ययारकांडीश
nabz,नब्ज़,नब्ज
quess,कुएस,क्यू
kaaragujaariyaan,कारगुजारियां,कारागुज़ारिय
gaangnam,गांगनाम,गांगनम
tapia,तापीया,तापिया
tarkvaad,तर्कवाद,तरकवाड़
coachella,कोचेला,चोएले
latakakar,लटककर,लटाका
patravaliyan,पत्रावलियां,पत्रवलियां
spinj,स्पिन्ज,स्पिंज
anshida,अनशिदा,अंशीदा
dejesus,डिजीसस,डेजेस
saraaymohiuddinpur,सरायमोहिउद्दीनपुर,सरायमहोदियुदीन
lowell,लॉवेल,लोवेल
capacitor,कैपेसिटर,कैपिसिटर
passengerjind,पैसेंजरजींद,पैसेंजरिजंड
granthiyon,ग्रंथियों,ग्रांथियो
canterbury,कैंटरबरी,कैंटरबीर
kaathiyavadi,काठियावड़ी,काठियावाडी
fisad,फ़ीसद,फिसाद
beraharamee,बेरहरमी,बेरहराम
nishkarshah,निष्कर्षः,निष्कर्षा
activities,ऐक्टिविटीज,एक्टिविटीज
rikailleebreshan,रिकैलीब्रेशन,रिकलीब्रेशन
shasanadhikaariyon,शासनाधिकारियों,शासानाधिकारियो
fijoolkharchi,फिजूलखर्ची,िूलझूरखची
pace,पेस,पीए
dastar,दस्तार,दस्तर
gruhnagar,गृहनगर,ग्रुनग
vatar,वाटर,वतर
pashtun,पश्तून,पाष्टू
farm,फार्म,फर्म
dibanu,डिबनू,डिबान
pashchamee,पश्चमी,<unk>
uthapatak,उठापटक,उठपाटक
nilaabh,नीलाभ,निलाभ
laxmeeniyaan,लक्ष्मीनियां,लक्समीनियाँ
mahaanagarawaasiyon,महानगरवासियों,महानागरवासियो
upneta,उपनेता,यूपेनट
convention,कन्वेंशन,कनवेंशन
sharp,शाॅर्प,शर्प
kaaryayojana,कार्ययोजना,कार्योजयन
kurvetee,कुर्वेती,कुर्वीटी
jyaada,ज़यादा,ज्यादा
vivekadhikaron,विवेकाधिकारों,विवेकाधिकोरं
loksabhavalee,लोकसभावाली,लोकसभवाली
vivekahin,विवेकहीन,विवेकहीं
balmiki,बाल्मीकि,बाल्मीकी
haryana,हरयाणा,हर्यान
jivraj,जीवराज,जिवराज
flynn,फ्लिन,फ्लाइ
rana,राणा,रना
hairatangenz,हैरतअंगेज़,हैराटेंजें
takaleephadeh,तकलीफ़देह,टकलीफडेह
peepaadh,पीपाड़,पीपाढ़
antdiyan,अंतडियां,अंटडियां
robin,राबिन,रोबिन
singar,सिंगार,सिंगर
gumshudagi,गुमशुदगी,गुमशुदाग
udanen,उड़ानें,उदानें
juloos,जूलूस,जुलूस
manto,मंटो,मानट
paimaish,पैमाइश,पैमैश
penshan,पेंषन,पेंशा
ogastaavestalaind,ऑगस्टावेस्टलैंड,ऑगस्वटेस्टैलिंट
centreeng,सैंट्रींग,सेंट्रींग
activa,ऐक्टिवा,एक्टिवा
valkan,वल्कन,वालका
vruton,वृत्तों,व्रूटों
kabaddi,कबड्डी,कबाद्द
raunakh,रौनक़,रौनाख
caitlyn,कैटलिन,कैटिलि
jangadnaa,जनगणना,जंगड़ा
upakhyaanon,उपाख्यानों,उपख्यानों
sundram,सुंदरम,सुंदरा
cochin,कोचीन,चोचिन
phaliya,फालिया,फलिया
acevedo,एस्वेडो,एसेवेडो
kottayam,कोट्टयम,कोट्टाम
kurvi,कर्वी,कुरवी
saunpengi,सौंपेंगी,सौनपेंगी
lekhan,लेख़न,लेखन
pharase,फरसे,फरास
nubiya,नूबिया,नुबिया
taja,ताजा,तजा
qazi,काजी,क़ज़
eddy,एड्डी,एडीडी
nagine,नगीने,नेजीन
subha,सुब्हा,सुभा
luis,लुइस,ल्यू
vijayapuram,विजयापुरम,विजयपुरम
bataao,बताअाे,बताओ
ochoa,ओकोआ,ओचोआ
science,साइंस,स्यां
sarkarein,सरकारें,सरकरें
bremerton,ब्रेमटन,ब्रेमर्
gurupado,गुरुपदो,गुरूपाड
sanyukt,संयुक्त,सन्युक्
raalod,रालोद,रालोड
baadhaon,बाधाओं,बाढ़ाओ
gaumutra,गौमूत्र,गौमुत्र
tani,तनी,तान
delhi,दिल्ली,डेलही
suken,सुजेन,सुकेन
chimate,चिमाते,चिमते
rocket,र<unk>केट,रॉकेट
arymaa,अर्यमा,आर्माय
bhulata,भूलता,भुलता
karmaacharee,कर्माचारी,
survin,सुरवीन,सर्विन
prapti,प्राप्ती,प्राप्टी
siducing,सिडयूसिंग,सिडुसिंग
muqarrar,मुक़र्रर,मुकाररार
denier,डेनिअर,डेनियर
cw,सीडब्ल्यू,सीवी
uthani,उठनी,उठान
ikattha,इकट्ठा,इकत्था
dabochne,दबोचने,डबोचने
crosby,क्रॉस्बी,क्रॉसबी
naameegiraamee,नामीगिरामी,नामीगीरामी
jarda,जर्दा,जरदा
liepradhanmantri,लिएप्रधानमंत्री,लीप्रयाधनमंत्री
bhranti,भ्रांति,भ्रांती
agencyyon,ऐजेंसियों,अजेन्स्यो
forcee,फारसी,फोर्स
ginate,गिनते,गिनेट
manokaamnaaon,मनोकामनाओं,मनोकामानाओ
sammpattiyaan,संम्पत्तियां,संप्तत्तियां
politheenon,पॉलिथीनों,पोलीथिनों
mtake,एमटेक,मटके
badabadee,बडबडी,बदबड़
laamiyaan,लामियां,लामियाँ
suhagin,सुहागिन,सुहागीं
romeoville,रोमियोविल,रोमिविल
tel,तेल,टीए
galatfahmi,ग़लतफ़हमी,गलेटफाही
takeinsider,टेकइनसाइडर,टेकीनसाइडर
fallujaa,फ़ल्लूजा,फल्लूजा
donaldson,डोनल्डसन,डोनाल्डन
awaazen,आवाज़ें,अवाज़ें
wlaad,व्लाद,व्लाड
thenga,ठेंगा,थेंगा
excel,एक्सेल,एक्ससे
taaza,ताजा,ताज़
nichaai,नीचाई,निचाई
wausau,वौसौ,वौसा
jaljale,ज़लज़ले,जलजले
surat,सूरत,सुरत
jeevati,जीवति,जीवती
shreesadguru,श्रीसद्गुरु,श्रीदागुरु
sanchalanon,संचालनों,संचलनों
bhal,भाल,भल
tughlaq,तुगलक,तुघलक
uthaapatak,उठापटक,उठापाट
hastaantaraneey,हस्तांतरणीय,हस्तांतरीय
shaasanadhikariyon,शासनाधिकारियों,शासानाधिकारियो
fatima,फातिमा,फतिमा
fode,फोड़े,फोडे
kantinyoo,कंटिन्यू,कान्तियू
kaamanaen,कामानाएं,कामनाएं
chutile,चुटीले,चुटिल
kranj,करंज,क्रं
barsata,बरसाता,बरसता
maaoont,माऊंट,माउंत
biolozis,बायोलॉजिस्,बायोलाजिस
halisahar,हालिशहर,हलीसहहर
janeudharee,जनेऊधारी,जननुधरी
bichbachaav,बीचबचाव,<unk>
apvartit,अपवर्तित,अपवार्ति
aastin,आस्तीन,आस्टिन
buenaventura,ब्युनावेंचुरा,बुनावेंतुरा
deccan,डेक्कन,डीक्सन
pardaa,पर्दा,परदा
emile,एमिल,एमाइ
eastvale,ईस्टवेल,एस्टवाल
hoaf,हॉफ,होए
jarurih,जरूरीः,जरूरीह
rahya,रह्या,राह्य
mahkane,महकने,महकान
nielsen,नील्सन,निलसेन
chabutare,चबूतरे,चबुतरे
aamdani,आमदनी,आमदान
talkshow,टॉकशो,तल्क्
junagadh,जूनागढ़,जुनागढ़
padhata,पढ़ाता,पढ़ता
odhakar,ओढ़कर,ओधकार
trubyunal,ट्रिब्यूनल,ट्रुयुनाइल
brock,ब्रोक,ब्रॉक
tasvaron,तस्वारों,तस्वरों
pick,पिक,पीक
circulation,सर्किलेशन,सर्कलेशन
jvar,ज्वार,जवर
kanindham,कनिंघम,कनिन्ध
properfacebuk,प्रॉपरफेसबुक,प्रोपरेफसबुक
ashrafi,अशरफी,अश्रा
honeywell,हनीवेल,होनेवे
radiumdharmee,रेडियमधर्मी,रेदीयमध्रीम
ladhege,लड़ेगे,लाढ़ेग
arthshastriyon,अर्थशास्त्रीयों,अर्थशास्त्रियों
canton,कैंटन,कैन्ट
pontiac,पॉन्टिएक,पोंटिक
lopez,लोपेज़,लोपेज
maryadaon,मर्यादाओं,मर्यदाओं
ratlam,रतलाम,राटलम
hercules,हरक्यूलिस,हरक्लूज
sakshan,सक्शन,सक्षण
notbandeeshuda,नोटबंदीशुदा,नोटबंडशीदु
alive,अलाइव,अलिवे
jivant,जीवंत,जिवां
foda,फोड़ा,फोडा
fatahee,फटही,फताह
lalmanee,लालमणी,लालमान
faisala,फ़ैसला,फैसाला
krutyaa,कृत्या,क्रुत्
dhuan,धुआं,धुआन
ahuja,आहूजा,अहुजा
pratipaalpur,प्रतिपालपुर,प्रतिपलपुर
laffaajee,लफ्फाजी,लफाजी
fulae,फुलाए,फुला
castalloy,केस्टालॉय,कैस्टलॉय
sooraj,सूरज,सूरा
bronch,ब्रॉन्च,ब्रोंच
sanders,सेंडर्स,सैंडर्स
eneeyoo,एनईयू,एनीयू
bharashtachaariyon,भरष्टाचारियों,भ<unk><unk><u
laalmanee,लालमणी,लालमनी
aazmaanaa,आजमाना,आज़मान
mobile,मोबाइल,मोबिले
katihar,कटिहार,कतिहार
swecha,स्वेच्छा,स्वेचा
haamidan,हामिदन,हामिदा
samdharshni,समदर्शिनी,समधर्ष्णी
dridh,दृढ़,दृद
gond,गोंद,गोंड
wishesh,विशेश,विशेष
kaabilegour,काबिलेगौर,काबिलेगोर
laurense,लौरेंस,लॉरेंस
hisham,हिशाम,हिशम
pafin,पफिन,पैफि
mate,मेट,मते
jindagee,जिदंगी,जिंदगी
chayal,चायल,चयाल
last,लास्ट,लस्ट
ratrichar,रात्रिचर,रात्रीचर
kaathalaa,काथला,काठला
sahuuliyata,सहूलियत,सहौलीयत
pattnaik,पटनायक,पट्टनै
nyayalayeen,न्यायालयीन,न्यायलयीन
mukhyamantriyon,मुख्यमंत्रियाें,मुख्यमंत्रियों
jeetanewalon,जीतनेवालों,जीतानेवालो
swaphoto,स्वफ़ोटो,स्वाफोटो
chipakane,चिपकने,चिपकान
nalakasa,नलकसा,नलाका
chhah,छह,छा
sameekshaakartaa,समीक्षाकर्ता,समीक्षकार्ता
liberation,लिब्रेशन,लिबरेशन
asamaany,असमान्य,असामन्य
balot,बेलोट,बलोट
thin,थींं,थिन
formic,फार्मिक,फॉर्मिक
las,लास्ट,लास
avranta,अवर्णता,अवर्ता
wasting,वेस्टिंग,वास्टिंग
ambaani,अंबानी,अम्बान
ibija,इबीजा,इबिजा
mahamedia,महामीडिया,महामेडिया
suzlon,सुज़लोन,सुल्लों
madurai,मदुरई,मदुरा
kaundal,कौण्डल,कौंदल
lapatta,लापत्ता,लपट्टा
kshin,क्षीण,क्षिण
tewaree,तेवरी,टेवरी
raichur,रायचूर,रायचुर
olraunder,ऑलराउंडर,अलरांडर
garibon,ग़रीबों,गरिबोन
callahan,कालाहान,कैल्हान
kaipdhari,कैपधारी,कैदपारी
atta,आटा,अट्
jivan,जीवन,जिवन
reddy,रेड्डी,रेडी
tanu,तनु,तनू
dungarpur,डूंगरपुर,दुंगरपुर
zaalaanaa,झालाना,ज़लाना
lakme,लक्मे,लकमे
prospectus,प्रोस्पैक्ट्स,प्रोस्पेक्टस
westinghouse,वेस्टिंगहाउस,वेस्टिंगहोउस
bawara,बावरा,बवारा
ichchhaachaaree,इच्छाचारी,इचच्चारी
dhavakon,धावकों,धवकों
shravanabelagola,श्रवणाबेलागोला,श्रवणेबलगोला
nilkamal,नीलकमल,निलकमल
karmacharee,कर्माचारी,<unk>
poorwottar,पूर्वाेत्तर,पूर्वोत्तर
lehrayi,लहराई,लेहरै
haito,हैतो,हैटो
prakaandh,प्रकाण्ड़,प्रकां्ध
egmor,एगमोर,इजमोर
shringar,शृंगार,श्रींग
saupengee,सौंपेंगी,सौपेंगी
knoxville,नॉक्सविल,कन्क्सवि
sundaram,सुंदरम,सुन्दा
bhisham,भीष्म,भीशम
yemmiganur,येम्मिगनुर,येमीगनन
vadli,वडाली,वडली
gail,गेल,गीए
diphtheria,डिप्थीरिया,डिफ्थेरिया
dradh,दृढ़,द्रा
shadadhi,शदधि,शादा
jatati,जताती,जतती
berwyn,बर्विन,बेरविन
mum,मम,मु
akapulko,अकापुल्को,अकापुलोक
vaidhruti,वैधृति,वैधरूत
charanbaddh,चरणबद्घ,चरणबद्ध
mandadi,मनदड़ी,मंदड़ी
hafate,हांफते,फहतते
sathiya,साथिया,साठिया
sanghiyataa,संघीयता,संघियता
mukhyaatithiyon,मुख्यअतिथियों,मुख्यातितियों
baramade,बरामदे,बारामड
tarutal,तरुतल,तरुटल
kutta,कुत्ता,कुट्टा
schaeffler,स्कैफ़लर,श्फैल्र
hasino,हसीनों,हासिनो
mahapatra,महापात्रा,महापत्र
chenkein,छींके,चेंके
agra,अग्र,अजीआ
jiyaangkou,जियांगकोऊ,जियांगको
janaganna,जनगणना,जनागन्
pasco,पास्को,पैस्को
enterprise,एंटरप्राइज,इन्ट्रप्रा
sanshayon,संशयों,संशायो
varnavyavasthaavaadiyon,वर्णव्यवस्थावादियों,वरव्यव्यावाताविदयों
mudichu,मुडिचु,मुडीचु
ia,ईए,आई
rashtriyadhyaksha,राष्ट्रियाध्यक्ष,राष्ट्रीयध्यक्षा
peedablyootee,पीडब्ल्यूटी,पीडबल्यूति
thousand,थाउजेंड,थाउसंड
ridge,रिज,रिड
swaasthyaheenataa,स्वास्थ्यहीनता,स्वास्थयीनीता
rishvatkhor,रिश्वतखोर,ऋष्वट्खोर
sevalaa,सेवाला,सेवला
doobat,डूबत,दूबत
sipah,सिपाह,सिपह
bharamaa,भरमा,भारा
aurora,ऑरोरा,औरोरा
formuley,फार्मूले,फार््ले
monterey,मोंटेरे,मोंटेरी
baalti,बाल्टी,बालती
whittier,व्हिटियर,व्हिट्यर
sheelbhag,शीलभंग,शीलभाग
bistagond,बिस्तागोंड,बिस्टागोंड
findlay,फाइंडले,फिंडले
bapaa,बापा,बपा
aise,ऐसे,एआई
shrankhala,श्रंखला,श्रांखल
hastaaksharon,हस्ताक्षरों,हस्ताकार्षो
tirupati,तिरुपति,तिरूपति
mangalmoortih,मंगलमूर्तिः,मंगलूरूति
mithaiyaan,मिठाइयाँ,मिठाइयां
halebid,हैलबिड,हैलबीड
bangsh,बंगश,बांग
officially,ऑफिशियली,आफिशिली
sevai,सेंवई,सेवाई
samanvayaka,समन्वयक,समनवायक
parnel,पार्नेल,पर्नेल
sunsan,सूनसान,सुनसान
cusex,क्यूसैक्स,क्यूसेक्स
madhya,मध्य,माध्
yudhrat,युद्धरत,युधरात
urbandale,अर्बनडेल,उरबंदेल
chikhali,चिखली,चिखाल
waan,वाण,वाँ
adhikaariyaan,अधिकारियां,अधिकारियाँ
haokip,हाओकिप,हाओकीप
poorvapekshaaon,पूर्वापेक्षाओं,पूर्वपेक्षाओं
masheenawat,मशीनवत,मशीनाव
kadmo,कदमो,कडमो
kurami,कुरमी,कुराम
vidyaathyon,विद्याथयों,विद्याथ्यो
simtataa,सिमटता,सिमतता
strongsville,स्ट्रोंगस्विल,स्ट्रांगस्विल
jangan,जनगन,जंगन
bhagyeshwar,भाग्येष्वर,भाग्येश्वर
jivati,जीवति,जिवती
sudkhoron,सूदखोरों,सुडखोरों
rukwaakar,रुकवाकर,रुकवाका
gray,ग्रे,जीरे
purooshottamapur,पुरूषोत्तमपुर,पूरोष्टतमापुर
svaatan,स्वातं,स्वातन
mantarimandaliya,मंत्रिमंडलीय,मंतरिंडडलीय
ashley,एशले,अशले
mathews,मेथिव्स,मैथ्व
akzo,एक्ज़ो,अक्जो
bolateen,बोलतीं,बोलतीन
pratishthavale,प्रतिष्ठावाले,प्रतिष्ठावले
teap,टिप,टीए
gazi,गाज़ी,गज़ी
ijajat,इजाजत,इजजात
mejbani,मेज़बानी,मेजबानी
toledo,टोलेडो,तोलेडो
mohadhaa,मोहड़ा,मोहधा
putli,पुतली,पुटली
taapanee,टापनी,तापनी
little,लिटिल,लिटल
narnaari,नरनारी,नर्ारी
dhaniye,धनिये,धनिए
gadhoonga,गाड़ूँगा,गढ़ूँगा
faadi,फाड़ी,फादी
tuberculosis,ट्यूबरक्यूलोसिस,टुयुरेक्लोसिस
nagarjuna,नागार्जुन,नागरजुना
raajneechi,राजनीचि,राजनीची
medizensar,मेडिजेन्सर,मेडिजेंसर
commerce,कॉमर्स,कमरर्स
maathaloo,माथलू,माठलू
chatagaon,चटगांव,चतागां
hilig,हीलिग,हिलिग
isnpector,इस्न्पेक्टोर,इस्नेक्टर
naushad,नौशाद,नौशद
falluja,फ़ल्लूजा,फल्लूजा
jiwan,जीवन,जीवा
katal,कताल,कटल
dablyooeeef,डब्ल्यूईएफ,डब्लीयूफ
slidon,स्लाइडों,स्लिडों
gaanv,गॉंव,गांव
todenge,तोड़ेंगे,टोडेंगे
udaan,उड़ान,उदान
miranda,मिरांडा,मिरंडा
maddy,मैडी,मेडी
nauvahan,नौवहन,नौवहा
atmaen,आत्माएं,अत्माएं
rosa,रोज़ा,रोसा
trelarah,ट्रेलरः,ट्रेलरा
marlborough,मालबर,मार्ल
difarard,डिफरर्ड,डिफार्ड
kuraaane,कुरआने,कुराने
dayitvon,दायित्वों,दयित्वों
morales,मोराल्स,मोरलेस
heros,हीरोज,हेरोस
premamoolak,प्रेममूलक,प्रेमाूलक
moran,मोरन,मोरा
zydus,ज़ाइडस,ज़िदस
bhrashtachariyon,भ्रष्टाचारीयों,
chalit,चालित,चलित
affle,एफल,एफ़
mod,मॉड,मोड
arthon,अर्थों,अरथोन
gaaligalauj,गालीगलौज,गालिगलाउ
anyonyashritata,अन्योन्याश्रितता,अनययोन्यारृति
udaya,उडाया,उदया
cutlery,कटलरी,क्टरल
pratibandhah,प्रतिबन्धः,प्रतिबंधह
bilae,बिलाई,बिला
khullamkhulla,खुल्लमखुल्ला,खुल्माखुलल्ल
swanson,स्वानसन,स्वान्स
anvaahaarya,अन्वाहार्य,अनवाहार्य
rewari,रेवाड़ी,रेवारी
sahkalakar,सहकलाकार,सहकालकर
championship,चैंपियनशिप,चैम्पोशिप
namdhari,नामधारी,नमधारी
alba,अल्बा,अलबा
watanukoollan,वातानुकूलन,वातनुकूललन
texas,टेक्सस,टेक्सा
special,स्पेशल,स्पेसि
harvansh,हरवंश,हरवंं
dinu,दीनु,दिनू
shaniwar,शनिवार,शनीवर
de,डीई,डी
dabi,डाबी,दाबी
nahinkarvaaee,नहींकरवाई,नहिंकरवाई
peediyon,पीड़ियों,पीडियों
mnaey,मनाए,मनने
aadhin,आधीन,आधिन
hempstead,हेम्प्सटेड,हेमप्स्टेड
mamooli,मामूली,ममूली
verification,वैरीफ़िकेशन,वरिफिकेशन
fefada,फेफड़ा,फ़ेफडा
kachchhe,कच्छे,कक्छे
lovasa,लवासा,लोवास
doobnewaale,डूबनेवाले,दूबनेवाले
bakhshane,बख्शने,बखख्शा
indriyonke,इन्द्रियोंके,इंद्रियोंके
barhad,बरहद,बरहड
kaksheevati,काक्षीवती,कक्षीवती
lodi,लोदी,लोडी
peachtree,पीचट्री,पीटच्री
ghumakkdon,घुमक्कड़ों,घुमक्कडों
ilaaj,इलाज़,इलाज
arunai,अरुणाई,अरुनाई
ayodhyeanath,अयोध्यानाथ,अयोध्यीनाथ
bhautikwadiyon,भौतिकवादियों,भौतिकवाडियों
roket,र<unk>केट,रोकेट
nurochemistry,न्यूरोकेमिस्ट्री,नोरोकेमिस्ट्री
coldvel,काल्डवेल,कोल्डवेल
multiplexon,मल्टिप्लेक्सों,मल्टीप्लेक्सन
tyoihar,त्यौहार,ट्योयाह
belacha,बेलचा,बलेला
sahakalaakar,सहकलाकार,सहकालाका
jadit,जड़ित,जदित
nagaaraa,नगाड़ा,नगारा
doongarpur,डूंगरपुर,दूंगरपुर
uchchhrunkhalataa,उच्छृंखलता,उचृघुंचाला
failaiya,फैलाइए,फैलैया
suchi,सूची,सुऔ<
shield,सील्ड,शिएल्
obscura,ऑब्स्क्योरा,ओब्स्क्यूरा
cigretton,सिगरेटों,सिग्रेटन
dikhaee,दिखाईं,दिखाई
russell,रसल,रसस
nazarandaaz,नजरंदाज,नज़ारदा
kualalampoor,कुआलालंपूर,कुलालमपूर
austin,ऑस्टिन,यूस्टि
tcns,टीसीएनएस,टीसीएनस
svaayattshasan,स्वायत्तशासन,स्वायत्तसासन
mood,मूड,मूद
bhulta,भूलता,भुलता
nights,नाइट्रस,निट्ट्स
nakam,नाकाम,नकम
shutting,शुटिंग,शटिंग
raashtra,राष्ट्रा,राष्ट्र
wardha,वर्धा,वारधा
deedablyutee,डीडब्ल्यूटी,डीडबल्युटी
desabathula,देसबथुला,देसाबथुल
baghbaan,बाघबान,बघबां
aadeshah,आदेशः,आदेशा
udelkar,उड़ेलकर,उडेलकर
tarko,तर्कों,तरको
yaaddaasht,याद्दाश्त,याददाश्ट
inhalation,इनहेलेशन,इनहालेशन
safradganj,सफरदगंज,सफरदगंं
scranton,स्क्रेनटन,स्क्रान्ट
varnavyavasthaawaadiyon,वर्णव्यवस्थावादियों,वरण्वस्वायावादियों
shikshakarmiyon,शिक्षाकार्मियों,शिक्षकर्मियों
beverages,बेवरेजेस,बेवेरेज
pidiya,पीडिया,पिडिया
nadaf,नदफ,नदा
dhahaaenge,ढहाएँगे,धहाएंगे
agartala,अगरतला,अगरताल
jamayaa,जमाया,जमया
arya,आर्यों,आर्या
velvet,वेलवेट,वेल्वे
udghosh,उदघोष,उद्घो
swabhawatah,स्वभावतः,स्वभातः
bani,बानी,बनी
raykar,राइकर,रेकर
pidilite,पीडीलाइट,पिडिलाइट
dual,ड्युअल,ड्यूअल
silva,सिल्वा,सिलवा
adhikaran,अधिकरन,अधिकरण
rangkata,रंजकता,रंगकता
gowmutra,गौमूत्र,गाउमुत्
burhanpur,बुरहानपुर,बुरहनपुर
picking,पीकिंग,पिकिंग
oditar,ऑडिटर,ओडिटा
deniar,डेनिअर,डेनियर
ajit,अजित,अजीत
langdon,लैंगडन,लंगडों
avashist,अवशिष्ट,अवशिस्ट
prashasnik,प्रशासनिक,प्राशसनिक
bossier,बोसीयर,बॉसियर
badhachadhakar,बढ़ाचढ़ाकर,बढध़ाचाकर
giridih,गिरिडीह,गिरीडीह
bhuj,भुज,भूज
reading,रीडिंग,रेडिंग
fawaare,फव्वारे,फ़वारे
advait,अद्वैत,एडवैट
nyutriyo,न्यूट्रियो,न्यूत्रियो
pailoton,पायलटों,पैलोटन
jaden,जड़ें,जादें
boriwali,बोरीवली,बोरीवाल
ilaichi,इलाइची,इलाईची
alliance,एलियंस,एलिएंस
nahargadh,नाहरगढ,नहरगढ़
nsiu,एनएसआईयू,नससीयू
sapaat,सपाट,सपात
lengdan,लैंगडन,लेंगडा
putle,पुतले,प्टल
alwadhi,अल्वधि,अलवाधी
mufalisi,मुफलिसी,मुफललीस
sansathaan,संसथान,संसाठा
graahakonne,ग्राहकोंने,ग्राहककोन
uchchaadhikaareeyo,उच्चअधिकारीयो,उउच्छाड़किरिय
bhav,बहाव,भवव
motherson,मदरसन,मोथरस
kauplaiks,काॅप्लेक्स,कौपलैक्स
aaburod,आबूरोड,आबुरोद
heidelbergceat,हैडलबेर्गसिएट,हैइडलबर्जिट
chimati,चिमटी,चिमती
surfactants,सर्फेकटेंट्स,सर्फकैट्टन्स
mitao,मिटाओ,मिताओ
kailana,कायलाना,कैलाना
tankar,टंकार,टनकर
odhkar,ओढ़कर,ओड़कर
merta,मेड़ता,मेरता
rasyanik,रसायनिक,रस्यानि
soochnah,सूचनाः,सूचनाह
jockey,जोकि,जोकी
munaf,मुनाफ,मुनफ
niswarth,निस्वार्थ,निस्वर्थ
kshetradwaaraa,क्षेत्रद्वारा,क्षेत्रदावरा
buldhana,बुलढाना,बुलधाना
dhamkata,धमकाता,धमकता
bhusvami,भूस्वामी,भुस्वामी
quete,क्यूट,क्वेट
bevkufana,बेवकूफाना,बेवकुफाना
jajmau,जाजमऊ,जजमाऊ
beltran,बेल्ट्रान,बेल्ट्रन
suniti,सुनीति,सुनिती
ghigghee,घिग्घी,घिग्ही
flavonoids,फ्लेवनाइड्स,फ्लेवोनिड्स
chahunmukhi,चहुंमुखी,चाहुनमुख
supachye,सुपाच्य,सोपाच्य
chaudahavan,चौदहवां,चौड़हवा
aabru,आबरू,आब्र
balurak,बलुरक,बालुर
davangere,दावणगेरे,दावनगेरे
anurit,अनुरीत,अनुरित
financial,फाइनेंसियल,फाइनेशिल
damae,दमाए,डमाई
policy,पालिसी,पोलिसी
icc,आइसीसी,आईसीसी
kuchchh,कुच्छ,कृ<un
cheekhna,चीखना,चीनखा
ladhkiyon,लड़कियो,लाधकियो
wankshetra,वनक्षेत्र,वानक्षेत्
ummeede,उम्मीदे,उम्मीड़
kahaavah,कहावह,कहावा
kaantipoorn,कांतिपूर्ण,कांटीपूर्ण
badaaen,बड़ाएँ,बदाएँ
enseeaardablyusee,एनसीआरडब्ल्यूसी,एन्डाइरब्याल्यू
pratibaddhataa,प्रतिबद्धाता,प्रतिबद्तता
follow,फ़ॉलो,फोल्व
evanston,इवान्स्टन,इवैन्स्टन
charas,चरस,चरर
hills,हील्स,ििल्स
robertsan,रॉबर्टसन,रोबर्ट्स
glaxosmithkline,ग्लैक्सोस्मिथक्लीन,ग्लाकसामिक्टाइनिल
producton,प्रॉडक्टों,प्रोडक्टन
guevara,गेवारा,गुएवरा
jarvis,जार्विस,जरविस
laphz,लफ्ज,लैफ्
shak,शक़,शक
danptiyon,दंपतियों,दानपतियो
maadhikhedhaa,माड़ीखेड़ा,माधीखेड़ा
pratishthaanon,प्रतिष्ठानोंं,प्रतिष्ठानों
soond,सूंड़,सूंड
ginte,गिनते,गिन्ट
alagalag,अलगअलग,अलागल
swastikakaar,स्वास्तिकाकार,स्वास्तिकारक
pratikaraa,प्रतिकारा,प्रतिकरा
niveshkartaa,निवेशकर्ता,निवेशकरता
saval,सवाल,सवल
sanskritiyan,संस्कृतियां,संसकृतियां
intaravyu,इंटरव्यु,इंतराव्य
sawyer,सॉयर,सावय
bhasapa,भासपा,भसापा
jvaaron,ज्वारों,जवारों
parshdon,पार्षदों,पर्षदों
pulatskar,पुलत्स्कर,पुलात्सकर
uthaaeange,उठाएँगे,ठठाएंगे
laengee,लाएंगी,लैंगी
oeeef,ओईएफ,ओईीए
valsad,वलसाड,वालसा
mulon,मूलों,मुलों
putliyan,पुतलियां,पुटलियां
camarillo,कैमेरिलो,कैमरिलो
saflataa,सफ़लता,सफ्लता
vinasht,विनष्ट,विनाष्
kping,कपिंग,क्पिं
jayalalithaa,जयललिता,जयललिथा
items,आइटम्स,इट्म्स
soccer,सॉकर,सॉस्
asphalt,एस्फाल्ट,एस्फल्ट
zarakh,जरख,ज़र
mejbaani,मेज़बानी,मेजबानी
luna,लूना,लुना
warnavyavasthaavaadiyon,वर्णव्यवस्थावादियों,वर्वन्यवस्थावियां
lipaaee,लिपाई,ििपाई
uthni,उठनी,उथीन
bajaj,बजाज,बजज
hisarah,हिसारः,हिसारह
dampatiyon,दंपतियों,दमपतियों
watson,वॉटसन,वाट्स
augustustine,अगस्टाइन,ऑगस्ट्सा
pataakshep,पटाक्षेप,पताक्षे
dhandhekhoree,धंधेखोरी,धंधेखीर
ubhregaa,उभरेगा,उभ्रेग
anton,एंटोन,एन्टो
apardarshi,अपारदर्शी,अपरदार्शी
tivolee,टिवोली,तिवोली
beeemdablyooem,बीएमडब्ल्यूएम,बीमदब्लयूम
telon,तेलों,टेलोन
ghummakkadon,घुमक्कड़ों,घुम्काकडों
haanfte,हांफते,हाँफते
kiratpur,कीरतपुर,किरातपु
shaq,शक़,शकक
surprise,सरप्राइज़,सर्पराइस
yoder,योडेर,योडर
stein,स्टीन,स्टेन
paithelojist,पैथेलॉजिस्ट,ैैथेलॉजिस्ट
phoodon,फूडॉन,फूड़ो
jatilaa,जटिला,जतिला
pahunchanee,पहुंचनी,<unk>
raashtron,राष्ट्रोंं,राष्ट्रों
tandon,टंडन,टैंड
gadbadbadee,गड़बड़बड़ी,गड़डबड़ड़ी
sanasthita,संस्थिता,सनस्थिता
yatraen,यात्राएं,यत्राएँ
aadan,आदान,आड़न
javate,जावते,जवते
bhishm,भीष्म,भिषम
hundiya,हंडिया,हुड़िय
loveland,लवलैंड,लवलांड
hanfte,हांफते,हैंटफे
barrackpore,बैरकपुर,बररैकपो
ghaziabad,ग़ाज़ियाबाद,गाज़ाईबाद
tarkon,तर्कों,तरकों
aipp,ऐप्प,एआईप
jaiban,जयबाण,जैबन
gairairaadatan,गैरइरादतन,गैराइडाता
vivekadhin,विवेकाधीन,विवेकधीन
sabajooniyar,सबजूनियर,सबजूनिया
faliya,फालिया,फलिया
vipannata,विपन्नता,विपन्ता
maanga,मांगा,माँगा
ordanens,ऑर्डनेंस,ओर्डेनें
pradhan,प्रधान,प्राधन
viratkhand,विराटखंड,विरतखण्ड
saym,सायं,सेम
pashtuun,पश्तून,पश्टूँ
brahraachaarinee,ब्रह्राचारिणी,
jerusalem,यरूशलेम,जेरुसले
altamonte,एल्टामोंटे,अल्टामोन्ट
hemwati,हेमवती,हेमवात
ashanka,आशंका,अशांक
robarto,रोबर्तो,रोबार्ट
manchiya,मंचीय,मंचिय
morrison,मोरीसन,मोर्रि
mhagranth,महाग्रंथ,माहग्रंथ
transistor,ट्रांजिस्टर,ट्रांसिज्टर
sarvjaatiya,सर्वजातीय,सर्जवातिय
patotsav,पाटोत्सव,पतोत्सव
houkee,हाॅकी,हौकी
medithsan,मेडिथ्सन,मेडिथसन
saraaymohiuddeenpur,सरायमोहिउद्दीनपुर,सरामहायोदियदुपनुर
petersburg,पीटर्सबर्ग,पेटरसबर्ग
diya,दीया,दिया
mohindar,माेहिंदर,मोहिंदार
mastek,मस्टेक,मास्ते
nirbadh,निर्बाध,निरबाध
avrutiyon,आवृत्तियों,अवरुतियों
eshiyavan,एशियवन,एशियाव
thki,थकी,ठकी
turbine,टरबाइन,टर्बाइ
dimaak,दिमाक,डिमाक
durdhara,दरदरा,दुरधा
khaastaur,ख़ासतौर,खास्तौर
high,हाई,हिघ
fatahi,फटही,फताह
mariya,मारिया,मरिया
ganv,गॉंव,गान्
aavishakaar,आविष्कार,आविशकार
natijeh,नतीजेः,नतिजेह
jeffersonville,जेफरसनविल,जेफरस्निल
tulshidas,तुलसीदास,तुलशीदास
charchaamanch,चर्चामंच,चरचांचं
tarkwaad,तर्कवाद,तार्कवा
dabangon,दबंगों,दबांगो
hichkicha,हिचकिचा,हिचकीचा
dam,डम,डे
dviarthee,द्विअर्थी,द्वियार्थ
jawabah,जवाबः,जवाबा
jaanchkarata,जांचकर्ता,जांचकरता
vandemaataram,वन्देमातरम्,वंदेमातरम
should,शुड,शॉल
agsta,अगस्ता,एजीएसट
neu,एनईयू,नेयू
dastakhatshuda,दस्तखतशुदा,दस्ताखताुश
surinama,सूरीनाम,सुरीनाम
rekannecting,रिकनेक्टिंग,रेकानकेंटिं
phaibrik,फाइब्रिक,फैइब्रिक
chhejat,छीजत,छेजत
unionwaadi,यूनियनवादी,उनियोवाड़ी
bamleshvaree,बम्लेश्वरी,बामलेश्वरी
boca,बोका,बीओस
immaturity,इम्मैच्योरिटी,इम्येचरिटी
sansthaan,संसथान,संस्था
dadrewa,ददरेवा,दादेरव
kide,कीड़े,काइड
karawanou,करावणौ,करवानो
putin,पुतिन,पुटिन
jadd,जड़,जडड
yusugi,युसूगी,युसुगी
pyade,प्यादे,प्याडे
karavaayegee,करवायेगी,करवाएगी
balaatkaariyon,बलात्कारियों,बालातकारियों
jatatee,जताती,जतती
canterbari,कैंटरबरी,कैंटरबार
conway,कॉन्वे,कनवे
dwf,डीडब्ल्यूएफ,डीएवएफ
dabhoi,डभोई,दाभो
sapatey,सपाटे,सपते
atwaal,अटवाल,अतवाल
hindan,हिंडन,हिन्द
aaufisaree,ऑफिसरी,औफिसरी
montclair,मोंटक्लेयर,मोंट्क्लेय
purnsveekrit,पुर्नस्वीकृत,पूर्नस्वीकृत
richardson,रिचर्डसन,रिचार्डस
sandrbh,संदर्भ,संद्रभ
saptakranti,सप्तक्रांति,संपत्कार्ति
imaandaari,इमानदारी,इमांदारी
kontrekting,कॉन्ट्रेक्टिंग,कां्ट्रेक्टिंग
adhikariyon,अधिकरियों,अधिकारियो
bandhan,बंधान,बंधन
sendha,सेंधा,सेंडा
dablyoopidi,डब्ल्यूपीडी,दब्लीयूपिडी
gravita,ग्रविटा,ग्रेविट
lincoln,लिंगकन,लिंकॉन
pravrittivigyanon,प्रवृत्तिविज्ञानों,प्रवृत्वितिज्ञानों
cementation,सीमेंटेशन,सेमेंटेशन
datson,डैटसन,डाट्स
montebello,मोंटेबेल्लो,मोंटेबेलो
renewables,रिन्यूएबल्स,रेनेवेबल्स
naksalwad,नक्सलवाद,नकसललवाद
aitraz,ऐतराज़,एइट्रज
itibhagwatee,इतिभगवती,इतिभागवत
niveshkarta,निवेशकर्ता,निवेशकरता
patkathayen,पटकथाएं,पटकठाएं
kaabiletaarif,काबिलेतारीफ,काबिलेतारी
bhaadas,भादस,भाड़
holding,होल्डिंग,हॉल्डिंग
dhatta,धत्ता,धट्टा
upakhyanon,उपाख्यानों,उपख्यानों
fayetteville,फयेत्तेविल्ले,फेयेटविलि
stockton,स्टॉकटन,स्टाक्ट
brijesh,ब्रजेश,ब्रिजे
thomas,थॉमस,थोमा
dhyeywadi,ध्येयवादी,ध्येवाडी
tuesday,ट्यूजडे,तुसदे
wgpl,डब्ल्यूजीपीएल,वीजीपीएल
ovum,ओवम,ओवु
gati,गति,गती
nucleus,न्यूक्लियस,न्यूकलस
kraar,क़रार,क्रार
purooshottamaachary,पुरूषोत्तमाचार्य,
lahsun,लहसुन,लाहसु
naqaab,नक़ाब,नकाबा
mckenzie,मैकेंज़ी,मैकेंजी
bravo,ब्रावो,ब्रेवो
jhuthla,झुठला,झुल्ल
chaukhate,चौखटे,चौखते
kshetradwara,क्षेत्रद्वारा,क्षेत्रदा्वार
nariyalyukt,नारियलयुक्त,नरियलयुक्त
jealous,जूलूस,जीलॉस
kursiyo,कुर्सियॉ,कुर्सियो
singhaadey,सिंघाड़े,सिंघाडे
antarmukh,अंतर्मुख,अंतरमुख
badbolepan,बड़बोलेपन,बदबोलेपन
naxaliyon,नक्सलियों,नक्सालियो
himali,हिमाली,हिमली
naksalavaad,नक्सलवाद,नक्सलावा
half,हॉफ,एहए
mahaadharmaadhyaksha,महाधर्माध्यक्ष,महाधारमध्यक्षा
parmoujood,परमौजूद,परमाउज़
tippanikar,टिप्पणीकार,टिप्पणिकार
bhapaee,भपाई,भापी
dwirookta,द्विरुक्त,द्विरूकता
eddie,एड्डी,एडीडी
jivaniyaan,जीवनियां,जिवनियाँ
panghal,पंघाल,पंघल
khand,खंडा,खंड
pukhtaa,पुख़्ता,पुखता
achnera,अछनेरा,अचनेरा
alaymani,अलयमनी,अलयमान
nahargarh,नाहरगढ,नहरगढ़
immaichyority,इम्मैच्योरिटी,इमैश्यारोटी
elendt,एलएंडटी,इलेंड्ट
properphasebuk,प्रॉपरफेसबुक,प्रोपराफेसुक
udanon,उड़ानों,उदानों
moses,मोसेस,मोजेस
bataayaaki,बतायाकि,बतायाकी
alai,अली,एला
amod,आमोद,अमोड
aaipief,आइपीएफ,एआईएीए
supachy,सुपाच्य,<unk>
awashist,अवशिष्ट,एवाशिस्
ishat,ईष्ट,इशत
rate,रेट,रते
jalapot,जलपोत,जलापो
katrina,कैटरीना,कातरीना
jismafaroshee,जिस्मफरोशी,जिस्माफरोश
rectare,रैकेटियर,रेक्टरे
basil,बेसिल,बासिल
badhaataa,बढ़ाता,बढ़ता
charanbaddha,चरणबद्घ,चरणबद्ध
sahityotsav,साहित्योत्सव,सहित्योत्सव
praudh,प्रौढ,प्रौध
darawani,डरावनी,दरावनी
datsun,डैटसन,दत्सु
ate,अते,अटी
fasteners,फास्नर्स,फास्टेनर
bangravala,बंगरावाला,बंगरवाला
saira,सायरा,सैरा
atthas,अट्टहास,अट्थ
nirdal,निर्दल,निरदल
mahbubnagar,महबूबनगर,महबूनगर
daratey,डराते,दरते
valkkan,वल्कन,वाल्क
khastaur,ख़ासतौर,खस्तौर
banbi,बांबी,बनबी
wipannta,विपन्नता,विपान्ता
spast,स्पस्ट,स्पैस्
amzera,अमझेरा,अमजेरा
ghatabadh,घटबढ़,घटाबा
kaushalta,कौशलता,कौशल्ट
machine,मशीन,मचिन
fainn,फैंन,फेन
khambhat,खंभात,खम्भा
kyooaaeepeees,क्यूआईपीएस,क्यूएीएई
dublin,डबलिन,डब्लि
samruddhiyon,समृद्धियों,समरुद्धियो
radhakrushnadas,राधाकृष्णदास,राधाकर्षदानस
idukki,इड्डुक्कि,इदुक्की
bharatwanshee,भारतवंशी,भरतवंशी
maangi,मांगी,माँगी
robins,रॉबिंस,रोबिंस
vladimir,व्लादिमीर,व्लादिमिर
bagh,बाग,बाघ
saafgoi,साफगोई,साफगी
koottaa,कूत्ता,कूट्ता
adain,एडेन,एडैन
dhundhta,ढूंढता,धूंढ़त
depthiriya,डिप्थीरिया,डेप्थिरिया
adchane,अड़चने,डडचने
koriyaah,कोरियाः,कोरियाह
prapat,प्रपात,प्रपत
suiyan,सूइयां,सुइयाँ
schaeffler,स्कैफलर,श्फैल्र
jyaadaa,ज़यादा,ज्यादा
potter,पॉटर,पोटर
media,मीडिया,मेडिया
pichde,पिछड़े,पिचडे
letaseng,लेटसेंग,लेटासें
arthavyawasthataaon,अर्थव्यवस्थताओं,अर्व्यव्यवस्थाओ
kakoo,काकू,ककू
navate,नवाते,नवते
samvedansheelata,संवेदन्शीलता,संवेदनशीलता
laphj,लफ्ज,लाफ्
kribarabh,कृबरभ,क्रिब
prakashakah,प्रकाशकः,प्रकाशकह
styrolution,स्टायरोल्यूशन,स्टायरलोयूशन
apaardarshi,अपारदर्शी,अपारादर्श
bengaluru,बेंगलुरु,बेंगलूरू
kyaah,क्याः,क्याह
formulae,फार्मूले,फार्म्यू
hamalavar,हमलावर,हमालाव
amavasya,अमावस्या,अमवस्य
purvapekshaaon,पूर्वापेक्षाओं,पूर्वपकेष्ओं
daishawaalaa,डैशवाला,दैशवाला
oklahoma,ओकलाहोमा,ओक्लाहोम
darmait,डारमैट,डर्मेट
sahakalakar,सहकलाकार,सहकालाकर
fatma,फातमा,फट्मा
dayitva,दायित्व,दयित्व
parisamvad,परिसंवाद,परिसमवाद
immune,इम्युन,इम्ुन
bachti,बचती,भचती
utilities,यूटिलिटीज,यूटीलीटीज
malmaas,मलमास,मल्मा
cadmium,कैडमियम,कैड्मिय
antioch,एन्टीओक,एंटिचो
khatedaar,खातेदार,खतेदार
vishwasniiyataa,विश्वसनीयता,विश्वसनियता
rehman,रहमान,रेहमन
kanblon,कंबलों,कैंबलन
aaryika,आर्यिका,आर्िका
marrej,मैरेज,मररेज
fatehgadh,फतेहगढ़,फतेघढ़
jobs,जॉब्स,जोब्स
dutt,दत्त,डट्ट
lurhakate,लुढ़कते,लुरहकते
palmonari,पल्मोनरी,पाल्मोनर
win,डब्ल्यूआईएन,विन
beck,बेक,बीस
padaraunaa,पडरौना,पदरौना
bandhate,बांधते,बंधते
vershan,वर्शन,वेरशा
thane,थाणे,थाने
nikalogi,निकलेगी,निकालोज
dredger,ड्रेजर,ड्रेडर
nagarik,नागारिक,नागरिक
vadak,वादक,वडक
gyatvy,ज्ञातव्य,ज्ञावी
standhaari,स्तनधारी,स्तंधारी
dhoraaji,धोराजी,ढोराजी
abdunnaasir,अब्दुन्नासिर,अब्दुनसारी
vishvwandhya,विश्ववंद्या,विश्ववंध्य
shivamogga,शिवमोगा,शिवामोग
ghumakkdi,घुमक्कड़ी,घुमकक्डी
gayen,गाएं,गाें
theateron,थिएटरों,थीटेरों
hines,हाइंस,हाइन्
bettiah,बेतिया,बेट्टि
dhatna,धटना,ढटना
motihari,मोतिहारी,मोतीहरी
pearson,पियरसन,पीरसन
ujback,उज़्बेक,ओजबैक
pythogaras,पाइथागोरस,पिथोगारो
kaabiletaareef,काबिलेतारीफ,काबिलेतारी
jamaate,जमाती,जमाते
daubaaraa,दौबारा,डौबारा
adhik,अधीक,अधिक
dhumrapaan,धुम्रपान,धुमरापान
daampatya,दांपत्य,दामपत्य
jamudiya,जामुड़िया,जामुडिया
blair,ब्लेयर,ब्लेर
communications,कम्यूनिकेशन्स,कुम्यूनिकेशन
gudna,गुदना,गुड़न
aawajon,आवाज़ों,आवाजों
amarillo,अमारिलो,अमेरिलो
bramhaand,ब्रह्माण्ड़,ब्रह्मांड
dikhai,दिखार्इ,दिखाई
tantro,तंत्रों,तां्त्र
aasan,आसान,आसन
tuglakabad,तुगलकाबाद,तुग्लकाबा
sutton,सट्टन,सुट्ट
kandrour,कंदरौर,कैंडरर
nikalani,निकालनी,निकलनी
dibanoo,डिबनू,दिबान
immachyoritee,इम्मैच्योरिटी,ि<unk>
jaanaakaree,जानाकरी,जानाकी
engeline,एंजेलिन,एंजेलाइ
rushitaa,ऋषिता,रुशीत
vrishchikahsaptah,वृश्चिकःसप्ताह,वृश़कहचिसाप्षट
aasmatee,आसमती,आस्ती
bishadhee,बिशड़ी,बिशाधी
punahsthapana,पुनःस्थापना,पुनहस्थाना
badh,बाध,बढ़
miktaam,मिकटॉम,मिकताम
liidaron,लीडरों,लिइदरो
zabardast,ज़बर्दस्त,ज़बरदास्त
stuti,स्तुति,स्तूति
heblikar,हेब्लिकर,हेब्लिका
rattebaajee,रट्टेबाजी,रत्तेबाजी
francisca,फ्रांसिस्का,फ्रैंसिक्सा
mumba,बंबा,मुंब
darati,डराती,दरती
pranon,प्राणों,प्रणों
madison,मेडिसन,मैडिसन
nibhaaegee,निभाएगी,निभागी
myers,मयर्स,मायर्
brigadier,ब्रिगेडियर,ब्रिगडियर
hogaah,होगाः,होगाह
sumi,सुमि,सुमी
deshbhaktimaya,देशभक्तिमय,देशभकतिमय
krishnanagar,कृष्णानगर,कृष्णनगर
ea,ईए,एए
aayudhnirmaanee,आयुधनिर्माणी,आयुधनिर्माई
ajasra,अजस्र,अजासर
fijulkharchi,फिजूलखर्ची,फिज़लखखरची
tanta,तांता,टांटा
dealership,डीलरशिप,डीलररिश
chapel,चैपल,चैपे
dhwanimikon,ध्वनिमिकों,ध्वानिमिको
education,एजुकेशन,इडुकेशन
jarakh,जरख,जार
neet,नीट,नीत
jilawaasiyon,जिलावासियों,जिलवाजियों
samprabhuta,संप्रभुता,संप्रभूता
kalasaanaa,कलसाना,कलासान
gyonth,ग्योंठ,ज्योंथ
dikhaai,दिखार्इ,दिखाई
udhaaradaataaon,उधारदाताओं,उधारादाताओ
wyaakhyaatmaktaa,व्याख्यात्मकता,व्याख्यामत्ता
somvaar,साेमवार,सोमवार
vista,विस्टा,विस्ता
polimer,पॉलिमर,पोलिमर
raktaabh,रक्ताभ,रक्तभ
bhrashtachareeyon,भ्रष्टाचारीयों,भ<unk><unk><un
mukhyamantriyon,मुख्यमन्त्रियों,मुख्यमंत्रियों
mad,मैड,मड़
mahin,महीन,माहि
survana,सुर्वणा,सुरवाना
baangarotiya,बांगरोटिया,बाँगरोटिया
chamchagiree,चमचागिरी,चमचगिरी
ncrwc,एनसीआरडब्ल्यूसी,एनसीआरवीसी
ainthey,ऐंठे,एंटे
essel,एस्सेल,एस्ले
workcharge,वर्कचार्ज,वर्कचार्ग
kaarwaai,कार्वाई,कारवाई
jhanktaa,झांकता,झंकता
urgent,अर्जेंट,यूर्जें
maurya,मौर्यों,मौर्य
jagadeeshachandra,जगदीशचंद्र,जजददलचांच्
kaavyoktiyaan,काव्योक्तियां,काव्यक्तियाँ
jaatak,जातक,जाटक
rollers,रोलर्स,रॉलर्स
aavriti,आवृत्ति,आवृति
vidyaayein,विद्याएं,विद्याएँ
mukhyamantrisamvaaddaata,मुख्यमंत्रीसंवाददाता,मुख्यमंत्रियांदावादा
praansangalee,प्राणसंगली,प्रांसंगली
kanalog,कनलोग,कनालो
pudukkottai,पुदुकोट्टई,पुदुककोट्ट
fuhadtaa,फूहड़ता,फुहादता
patachep,पटाक्षेप,पटाचाप
retreate,रीट्वीट,रिट्रीट
stanadhari,स्तनधारी,स्तानाधा
mukhyopadhyaay,मुखोपाध्याय,मुख्योपध्या
nirbaadh,निर्बाध,निर्बाढ
todne,तोडऩे,तोड़ने
avuti,आवृत्ति,अवुती
parikshankartaon,परीक्षणकर्ताओं,परिक्षकार्ताओं
extactor,एक्सटेक्टर,एक्स्टैक्ट
nashik,नाशिक,नशिक
ogrenaaij,ऑग्रेनाइज,ओग्रेनाज
chausingha,चौसिंगा,चौसिंघा
phalodi,फलोदी,फलोडी
skhalan,स्खलन,स्खाल
shrabon,शराबों,श्रबों
prahlaad,प्रहलाद,प्रह्ला
burleson,बर्ल्सन,बरलेसन
bharadwaj,भारद्वाज,भारदवाज
jataati,जताती,जततती
rahugaan,रहुगाँ,रहुगां
eksclation,एक्सक्लेशन,एकस्क्लेशन
dungerpur,डूंगरपुर,डुंगरपुर
svapnika,स्वप्निका,स्वापनिका
upakaaryaalayon,उपकार्यालयों,उपकारायलयों
veriphication,वैरीफ़िकेशन,वेरीफिकेशन
clock,क्लाक,क्लॉक
daphan,द़फन,डफान
madheekhedha,माड़ीखेड़ा,मधीखेड़ा
kakinada,काकीनाड़ा,ककीनाडा
bhaagyoday,भाग्योदय,भाग्योदा
singer,सिंगार,सिंगर
uchhalne,उछालने,उछलेन
dharmarajne,धर्मराजने,धर्माराजन
ainjal,ऐंजल,एंजल
pharm,फाॅर्म,फेरम
ravel,रवैल,रेवल
hanumangarh,हनुमानगढ़,हनुमांगढ़
veeraangnaaon,वीरांगनाओं,वीरांगानों
gaytri,गायत्री,गैत्री
venkatraman,वेंकटरमन,वेंकतरमा
dibnoo,डिबनू,दिबनू
purooshottamachaary,पुरूषोत्तमाचार्य,पु<unk><unk><unk
jhaauganj,झाउगंज,झाऊगंज
sarkaren,सरकारें,सरककें
mitaao,मिटाओ,मिताओ
diyotsiddh,दियोटसिद्ध,दियोत्सिद्
charchaaen,चर्चाएँ,चर्चाएं
ranneetibanaa,रणनीतिबना,रनीतीबाना
eeaarjee,ईआरजी,इयर्ज
gomukh,गौमुख,गोमुख
jud,जूड,जुड
khanikarmi,खनिकर्म,खनीकर्म
ukhadhakar,उखड़कर,उखाड़क
lenevali,लेनेवाली,लेनेवली
singhde,सिंघाड़े,सिंघडे
toncil,टोंसिल,टॉन्सि
davindarpal,दविन्दरपाल,दविंदरपाल
enid,एनिड,एनीड
megapixal,मेगापिक्सल,मेगापैक्सल
fazalon,फजलों,फज़लो
doge,दोगे,डोगे
labelon,लेबलों,लबेलों
badhane,बड़ने,बढ़ान
very,वैरी,वेरी
saatsera,सातसेरा,सात्ेरा
bhatia,भाटिया,भटिया
raajsthanwasiyon,राजस्थानवासियों,रासस्थावनासियों
baagbageechon,बागबगीचों,बागबगेचों
wilkinson,विल्किंसन,विलकिनस
daraati,डराती,दराती
pramukhataapoorwak,प्रमुखतापूर्वक,प्रमुखतापूरवक
yatna,यत्न,यतना
masyendranath,मत्स्येंद्रनाथ,मस्येन्द्रना
behar,बिहार,बेहर
barsheey,बर्षीय,बर्शीय
avru,अवरु,अवरू
daw,दाव,डाव
naqab,नक़ाब,नकाब
saregama,सारेगामा,सरेगामा
satti,सत्ती,सत्ति
varsaache,वर्साचे,ववसाचे
kumau,कुमाऊ,कुमाउ
emi,एमी,एएम
theatrs,थियेटर्स,टीए्ट्स
erika,एरिका,एरीका
raubadar,रौबदार,रौबादर
alto,ऑल्टो,अल्टो
kavyavidhaaon,काव्यविधाओं,कव्वविधाओं
akron,अक्रोन,अकरों
samajjanon,समाजजनों,समज्जनों
prathamik,प्राथमिक,प्रथामिक
pravritriyon,प्रवृत्रियों,प्रववृत्रियो
jivanshaili,जीवनशैली,जिवनशैली
baleshwar,बालेश्वर,बलेश्वर
bhautikwaadiyon,भौतिकवादियों,भूटिकवाडियों
jhaiyaan,झाइयां,झैंयां
navanagar,नवानगर,नवनागर
najarandaaz,नजरंदाज,नजरांदा
anshaankan,अंशांकन,अंशांक
module,मॉड्यूल,मोडुले
farms,फार्म्स,फार्स
maidi,मैडी,मैदी
pfaudler,फाउडलर,फ्डलडर
poorvabhadrapad,पूर्वाभाद्रपद,पूर्वभरदपप्र
landara,लंगड़ा,लंडारा
gonpo,गोंपो,गोन्प
vesle,वेस्ले,वेसले
hamidan,हामिदन,हमीदान
mineral,मिनरल,मिनेर
centennial,सेंटेंनियल,सेंटेन्यल
bagbagichon,बागबगीचों,बागबागचों
pranit,प्रनीत,प्रानि
bhedabhaavon,भेदभावों,भेदाभावो
sherawat,सहरावत,शेरावत
ralaud,रालोद,रालौद
jatakon,जातकों,जाटकों
rishte,रिश्ते,रिष्टे
bentonville,बेंटनविल,बेंटोविल
kerala,केरला,केराल
ladaaiyon,लड़ाईयों,लड़ाइयों
whitaker,वाईटेकर,व्हिटकर
paul,पॉल,पौल
chhutane,छूटने,छुटने
poorneshwari,पूर्णेश्वरी,पूर्नेश्वरी
visabal,विसबल,विसाब
yatraein,यात्राएं,यत्राएँ
sunteck,सनटेक,संटेक
gujarata,गुजारता,गुजरता
niyanta,नियंता,नियांत
dum,डम,डी
awasthi,अवस्थी,अवास्थ
plus,पल्स,प्लू
kpo,केपीओ,केपो
insano,इंसानो,इनसानो
merraige,मैरेज,मेरेे
asfalt,एस्फाल्ट,एसफलाट
laundry,लॉन्ड्री,लांडरी
ratnaabhooshan,रत्नाभूषण,रत्नभूषण
ski,स्की,एसकी
lela,लेलऽ,लेला
jagaragallu,जगारागल्लू,जगरागल्लू
dehri,डेहरी,देहरी
crawford,क्रोफोर्ड,क्रायफोर्
guduri,गुदुरी,गुडुरी
nag,नग,ना
matsyavatar,मत्स्यावतार,मत्स्यावतर
scootaron,स्कूटरों,स्कूतरों
ardhavishvas,अर्धविश्वास,अर्धविश्वस
survanaa,सुर्वणा,सुरवाना
sofner,सॉफ़्नर,सॉफनर
squash,स्क्वैश,स्क्वश
vidhansabhaen,विधानसभाएं,विधानसभाई
randolph,रैंडोल्फ,रैंडोल्प
sprit,स्प्रिट,स्प्रित
sheelabhang,शीलभंग,शीलभां
mandi,मंडी,मांड
arthawyavasthataaon,अर्थव्यवस्थताओं,अर्व्यव्यस्थाता
kundaliya,कुंडलियाँ,कुंडलिया
nimkathana,नीमकाथाना,निमकाथाना
farm,फाॅर्म,फेरम
purooshottamachary,पुरूषोत्तमाचार्य,<unk>
bonds,बॉंन्ड्स,बॉन्ड
shikaayatkartaa,शिकायतकर्ता,शिकायकत्रता
cronfrencing,क्रान्फ्रेंसिंग,क्राफ्रेंसिंग
ubal,उबाल,उबल
haqeeqat,हकीकत,हकीक़
achanbha,अचंभा,अचनभा
jiwanparyant,जीवनपर्यंत,जीवानपर्यं
wadara,वदरा,वादा
sadaqen,सडक़ें,सदकें
aisa,एेसा,एआईए
jyotishyshastron,ज्योतिष्यशास्त्रों,ज्योतिशायस्त्रों
pythagoras,पाइथागोरस,पाइटागोरस
dropadiyon,द्रोपदियों,द्रोपडियों
bangbandhu,बंगबंधु,बंगबंधू
usay,उसेे,उसे
mercado,मर्काडो,मेरकाडो
offshor,ऑफशोर,ओफ़शो
kapurthala,कपूरथला,कपुर्थल
sahovaliya,साहोवालिया,सहोवलिया
maladahiya,मलदहिया,मलाडहिय
hymen,हाइमन,हामेन
indaurnagar,इंदौरनगर,इंडारनगर
visheshagyataon,विशेषज्ञताओं,विशेषाज्ञाओं
caplin,कैपलिन,केप्लि
mahapran,महाप्राण,महाप्रण
rupesh,रुपेश,रूपेश
reno,रिनो,रेनो
sangareddi,संगारेड्डी,संगरेड्डी
bamleshwaree,बम्लेश्वरी,बामलेश्वरी
deewani,दिवानी,दीवानी
shimat,शिमट,शिमत
prawrutriyon,प्रवृत्रियों,प्रावुर्तियो
xiong,शियोंग,क्यांग
varsted,वर्स्टेड,वार्स्टे
badhotri,बढ़ोतरी,बढोत्री
antony,एंटोनी,एंटीनी
chhanyasa,छांयसा,छन्यास
niptaaraa,निपटारा,निपतारा
sujhati,सुझाती,सुझती
pathalogist,पैथेलॉजिस्ट,पैथलॉजिस्ट
shrungar,शृंगार,श्रुंग
braandes,ब्रान्डेस,ब्रांड्स
jedateeisaaft,जेडटीईसाफ्ट,जेडतीअसाफ्ट
uddhaatan,उद्धाटन,उद्धातन
stan,स्टैन,स्टान
tribunal,ट्रिब्युनल,ट्राइबुनल
khyber,ख़ैबर,खाइबर
wanvibhag,वनविभाग,वाविभाग
dharmagranthon,धर्मग्रंथों,धर्माग्रांथ
prawrittiyon,प्रवृत्तीयों,प्रवर्तितियो
gaanth,गांठ,गांथ
mysore,मैसोर,मायोर
sehgal,सहगल,सेहग
namkin,नमकीन,नमकिन
vaidh,वैध्,वैध
jiangkou,जियांगकोऊ,जियंगकोउ
protekts,प्रोटेक्ट्स,प्रोटेक्स
linden,लिंडेन,लिंदेन
bhurbhura,भुरभुरा,भूरभूरा
widroop,विद्रूप,विदरूप
sajsajja,साजसज्जा,सजजस्जा
raatrichar,रात्रिचर,रात्रीचर
jalbhrav,जलभराव,जलभर्व
montgomery,मोंटगोमरी,मांटगोमेर
bhrastrachariyon,भ्रष्ट्राचारियों,
dwn,डीडब्ल्यूएन,डीवीन
streshan,स्ट्रेशन,स्त्रेशन
ganthe,गांठे,गंठे
gehlot,गहलोत,गेहलो
chhateni,छतेनी,छटेनी
jivaniyan,जीवनियां,जिवनियाँ
dhona,धोना,ढोना
suriname,सूरीनाम,सुरिनाम
anyonyashritta,अन्योन्याश्रितता,अन्योन्याशृति
ninties,नाइनटीज,निंटीज
paancholaas,पांचोलास,पांचोलाज
reson,रेसों,रेसोन
vaataanukooliton,वातानुकूलितों,वातानुकोलिटों
chatushkoniya,चतुष्कोणीय,चतुश्कोनिय
dushtaapurvak,दुष्टतापूर्वक,दुष्टापूर्वक
chuka,चौका,चुका
torrance,टोरेंस,टोर्ें
anuchit,अनुचित,ण<unk>
avarodhak,अवरोधक,ववरोधक
ross,रॉस,रोस
oodhami,ऊधामी,ऊध़ीम
srijanvigyanee,सृजनविज्ञानी,श्रीजविज्ञान
nextgen,नेक्स्टजेन,नेक्सटटन
rukavaton,रूकावटों,रुकावतों
bhavanaon,भावनाओं,भवानाओं
parikhaen,परीक्षाएं,परीखाएं
utaney,उतने,उटने
sanskrition,संस्कृतिओं,संस्कृतिशन
prospex,प्रॉस्पेक्स,प्रोस्पेक्स
naeedilli,नईदिल्ली,नीदीलि
saayn,सायं,सायन
geneva,जिनीवा,गेनेवा
rasad,रसद,रसा
baramula,बारामुला,बारामूला
vandemataram,वन्देमातरम्,वंदेमातरम
sawal,सवाल,सवल
fatehpur,फ़तेहपुर,फतेहपुर
pehnate,पहनता,पहनात
spray,स्प्रे,स्पेरे
allout,ऑलआउट,एल्यू
manassas,मनासस,मानास
karyakaryakartaon,कार्यकार्यकर्ताओं,कार्यकार्राकत्यां
phaadanhe,फाडऩे,फाड़ां
greg,ग्रेग,ग्रेज
kushan,कुषाण,कुशान
infibeam,इन्फिबीम,इनफीबिम
khatakhataakar,खटखटाकर,खटटखटार
chachaji,चाचाजी,चछाजी
baripada,बारिपदा,बरीपाड़
roohelkhand,रूहेलखंड,रूहेलखां
ghairakaanoonee,ग़ैरकानूनी,घैरकानूनी
aarekhah,आरेखः,आरेखा
pramukhkarmiyon,प्रमुखकर्मियों,प्रमुखक्रमियों
assam,असम,असा
jyada,ज़्यादा,ज्यादा
theateron,थियेटरों,थीटेरों
safaikarmi,सफाईकर्मी,सफैकर्मी
bieseses,बीएसएसएस,बीसेज
cronfrensing,क्रान्फ्रेंसिंग,क्राफ़्रेंसिंग
shaksubahey,शकसुबहे,शक्सुबा
paratrooper,पैराट्रूपर,पैरट्रूपर
dabhara,डभरा,दाभर
usi,उसी,यूए
nihsandeh,निःसंदेह,निहसंदेह
banthia,बांठिया,बांटिया
anam,अनम,एनम
baavadee,बावडी,बावड़
kaaryayojna,कार्ययोजना,कार्ययोजन
francisko,फ्रांसिस्को,फ्रैंसिक्स
adani,अदाणी,आदानी
mhavidya,महाविद्या,महवादिद्य
megapixel,मेगापिक्सल,मेगापाइक्स
cryptocurrencyon,क्रिप्टोकरेंसियों,क्रिप्टोक्रेंसन
muth,मूठ,मुथ
aparivartanshil,अपरिवर्तनशील,अपरिवर्तांशी
pradhanmantriki,प्रधानमंत्रीकी,प्रधानमंत्रिकी
attraa,अट्टरा,एत्त्र
bhavabhivyaktiyon,भावाभिव्यक्तियों,भभवविभ्यक्तियों
siddhalingaa,सिद्दालिंगा,सिद्धलिंगा
bharatnatyam,भरतनाट्यम्,भरततन्याम
javabah,जवाबः,जवाबा
dushwariyon,दुश्वारियों,दुश्वरियों
manchiy,मंचीय,मंची
jiyo,जीयो,जियो
sapramaan,सप्रमाण,सप्रमान
sim,सीम,सीए
peeechdablyooseees,पीएचडब्ल्यूसीएस,पीडचाब्यूलिसिज
bahav,बहाव,बहव
tik,टिक,तिक
agavai,अगवाई,गगवै
higman,हाइमन,हिगमै
qiwi,क्यूआईडब्ल्यूआई,क़वी
agende,एजेंडे,गेेंदे
maangeena,मांगीना,माँगीना
khatakhataaegee,खटखटाएगी,खटखटागीए
srujanvigyaani,सृजनविज्ञानी,श्रुजविज्ञान
detasan,डेटसन,डेटास
urf,उर्फ,यूआर
lux,लक्स,लीएक
paithelaujist,पैथेलॉजिस्ट,पैथेलाजिस्ट
paryaptta,पर्याप्तता,पर्याप्ट्ट
furti,फूर्ति,फ़्रती
mrutyuniwaarak,मृत्युनिवारक,मृतुयनीवारक
maruti,मारुति,मरूती
alo,एएलओ,एलो
pegaw,पेगव,पेगा
pilibhit,पीलीभीत,पिलिभित
sanchalnon,संचालनों,संचलनों
kanchipuram,कांचीपुरम,कंचीपुरम
daraatee,डराती,दराती
yaddasht,याद्दाश्त,यदद्षत
sabudana,साबुदाना,सबूदाना
stimberwala,स्टिम्बेरवाला,स्टिमबेरवाला
mayajaal,मायाजाल,मयाजाल
pes,पेस,पीए
outomaitically,औटोमैटिकली,ऑटोमैटिलिक
jaanchana,जांचना,जानंचा
phiksingah,फिक्सिंगः,फिक्सिंह
tasvaaron,तस्वारों,तसवारों
dev,देव,डेव
jyothy,ज्योथी,ज्योथि
landal,लेंडल,लैंडल
viraangnaaon,वीरांगनाओं,विरांगनाओं
yanit,यनित,यानि
purnia,पूर्णिया,पुर्निया
ladeen,लड़ीं,लादीन
chest,चेस्ट,केस्ट
abut,एबट,एब्
lajjalu,लज्जालु,लज्जलू
sabhaar,साभार,सभार
gairarashtravaadee,गैरराष्ट्रवादी,गैरार्ष्ट्रादी
vidhaaein,विद्याएं,विधाएं
svayamsveekrat,स्वयंस्वीकृत,स्वयंस्वीकरत
janbhavna,जनभावना,जनभवना
dune,दूने,डुने
protects,प्रोटेक्ट्स,प्रोटेक्ट
vareinye,वरेण्य,वरेंय
mazboori,मज़बूरी,मजबूरी
aatmayen,आत्माएं,आत्मयें
matthe,मत्थे,मत्थ
atlantic,अटलांटिक,एटलांटिक
jalgti,जलगति,जलगती
chacchaa,चच्चा,<unk>
afreen,आफरीन,अफरीन
bazaru,बाजारू,बज़ारू
pharse,फरसे,फारस
tuning,ट्यूनिंग,टुनिंग
nodaraanee,नोडरानी,नोदरानी
vidhaanee,विधाणी,विधानी
gujar,गुजार,गुजर
pakadkar,पकडकर,पकड़क
aankhen,ऑंखें,आंखें
warner,वार्नर,वारनर
anvaharya,अन्वाहार्य,अनवहार्य
paathyakram,पाठ्यक्रम,पाठयक्रम
mandalaayukto,मण्डलायुक्तो,मंडलायुक्त
jhaaiyaan,झाइयां,झाइयाँ
simferopol,सिम्फरपोल,सिमफरोपॉल
ghumaan,घुमाण,घुमान
hounga,होऊंगा,होंगा
dhakal,ढकाल,धकल
bernard,बर्नार्ड,बेरनार्ड
yogabal,योगबल,योगाब
dish,डिश,दिश
aithan,ऐठन,एथि
tremasik,त्रैमासिक,ट्रेमासिक
tasvire,तस्वीरे,तसविरे
vyvhargat,व्यवहारगत,व्यवहर्गत
overall,ओवरऑल,ओवरल
purwafalguni,पूर्वाफाल्गुनी,पुरवाफलगुनि
properphasebook,प्रॉपरफेसबुक,प्रोपराफसबूक
sapate,सपाटे,सपते
nathdwara,नाथवाड़ा,नाटडवारा
thanvi,थानवी,थावी
oran,ओरण,ओरा
serrano,सेरानो,सेर्ान
ear,इअर,ईएर
tadad,तदाद,तादा
haute,हाउते,हौते
behuria,बहुरिया,बेहुरिय
churu,चूरू,छुरू
anyaya,अन्याय,अन्या
garud,गरुड़,गारुड
swaastikakaar,स्वास्तिकाकार,स्वास्तिकार
shaie,शैइ,षैए
siddhantavaadiyon,सिद्धांतवादियों,सिद्धानतावियों
anawashyak,अनावश्यक,अनवाश्यक
gulshan,गुलशन,गुलशा
firmian,फर्मिऑन,फिर्मिय
tyre,टायर,टाइर
chi,ची,ीच
yuddhanaukaa,युद्धनौका,युद्धनुका
nbcc,एनबीसीसी,एनबीसी
shreeganganagarvaasiyon,श्रीगंगानगरवासियों,श्रीगणगगवासियों
udaa,उदा,ऊड़
cambridge,कैंब्रिज,कैम्ब्रि
airway,एयरवे,ऐएरवे
idol,आइडल,इडोल
calumet,कैल्यूमेट,कैल्यूटम
tantrikao,तंत्रिकाओं,तंत्रिकाओ
jonesboro,जोन्सबोरो,जोनेसबोरो
buddhijeewon,बुद्धिजीवों,बुद्धीजीवों
klozup,क्लोज़अप,क्लोज़ूप
kamarhati,कमारहाटी,कमारहटी
asphault,एस्फाल्ट,एएफ्लॉट्
fransisko,फ्रांसिस्को,फ्रैंसिस्को
maulvidon,मौलवियों,मौलविडों
narwar,नरवर,नरवा
lahlahati,लहलहाती,लहलाहती
byaawa,ब्यावर,ब्यावा
naamajadagee,नामजदगी,नामाजदग
takah,तकः,तकह
gin,जिन,जीआ
swechha,स्वेच्छा,स्वेछा
antadiyaan,अंतडियां,ँंतदियाँ
arya,आर्यो,आर्या
polishing,पॉलिशिंग,पोलिशिंग
jokhimabharaa,जोखिमभरा,ोोिमीभार
umadatee,उमड़ती,उमदती
samoa,सामोआ,समोआ
mandya,मांड्या,मंड्या
lawrie,लॉरी,लावर
pahante,पहनते,पहंते
nimnavat,निम्नवत्,निम्नवत
roopesh,रुपेश,रूपेश
pratibaddhata,प्रतिबद्धाता,प्रतिबद्धता
nadep,नाडेप,णदेप
sailaaneepan,सैलानीपन,सैलानीप
menrajya,मेंराज्य,मेनराज्य
daav,दाव,डाव
pathyakramon,पाठ्यक्रमों,पथ्यक्रमों
nividaataaon,निविदाताओं,णिविदाताओं
phwcs,पीएचडब्ल्यूसीएस,फीएचसीसी
narayangadh,नारायणगढ़,नारायंगढ़
susanskrut,सुसंस्कृत,सुसंस्कुत
woonsocket,वुनसोकेट,वूनसॉकेट
sanskrutiyan,संस्कृतियां,संस्कुतियाँ
urff,उर्फ,यूआर
theratipally,थेराटीपल्ली,थेरिटीपल्ली
pratinirdesh,प्रतिनिर्देश,्प्रतिनर्देश
ulhaaspur,उल्हासपुर,उलहासपुर
dhawakon,धावकों,ढवाकों
bhagedh,भगेड़,भगेध
pransangali,प्राणसंगली,प्रंसंगली
jalvayu,जलवायु,जलवायू
sayra,सायरा,सैयरा
krendron,क्रेन्द्रों,क्रेंड्रोन
maujud,मौजुद,मौजूद
siddhaant,सिद्घांत,सिद्धांत
kamyuniketars,कम्युनिकेटर्स,काम्युनिकेटर्
chidchidapan,चिड़चिड़ापन,ििचड़िपान
muthoot,मुथूट,मुथूत
maloun,मलौन,मलोउ
cincinnati,सिनसिनाटी,सिनिसनैटी
registan,रेगिस्तान,रेजिस्टान
parosne,परोसने,पारोसन
janbhawna,जनभावना,जनभभवना
andaman,अंडमान,अन्दमन
badyal,बडयाल,बदयाल
morepen,मोरपेन,मोरेपे
beard,बियर्ड,बीयर्ड
nodarani,नोडरानी,नोदारान
dikhayee,दिखायेे,दिखाई
chink,छींक,चिंक
wyakhyatmakta,व्याख्यात्मकता,्वय्याखताम्ता
aainthoo,आइंथू,ऐंथू
ahemdabadah,अहमदाबादः,ऑहेमदाबाह
jaayke,जायके,झायके
cigniti,सिग्निटी,सिगनिटी
pravritteeyon,प्रवृत्तीयों,प्रवृत्तियों
charcha,चर्चा,<unk>
lakshmeechandra,लक्ष्मीचन्द्र,लक्ष्मीचंद्र
hammond,हैमंड,हैमों
nibhaegi,निभाएगी,निभागी
cant,कांट,ीेएन
melaghaat,मेलघाट,ेेलाघा
mue,मुऐ,मुए
dampatya,दांपत्य,दमपत्या
kpada,कपड़ा,कपाड़
santati,संतति,संतती
maanavtarhit,मानवटरहित,मानावतारह
anuprayogi,अनुप्रयोगों,अनुप्रयोगी
harvey,हार्वे,हरवे
kaju,काजू,कजू
cerritos,सेररितोस,सेरिटाइस
texmaco,टेक्समैको,टेक्स्माक
sanchar,संचार,संचर
tuth,ट्रुथ,तुथ
lozano,लोज़ानों,लोजानो
chhinke,छींके,छिंके
dhamma,धम्मा,धममा
technoplast,टेक्नोप्लास्ट,टेक्नोपल्ल्स
pujapath,पूजापाठ,पुजापाथ
chanan,चानन,चाना
shrankhalaaon,श्रंखलाओं,श्रंखखालो
chhednaa,छेड़ना,छेदना
carbogen,कार्बोजेन,कार्बोजन
vyavadhan,व्यवधान,व्यावधन
schultz,शुल्ट्ज,स्कल्ट
squash,स्क्वाश,स्क्वश
danville,डैनविल,डानविल
prana,प्राना,प्राणा
thaakurvaadee,ठाकुरवादी,थाकरववाडी
wyakteeyon,व्यक्तीयों,व्यक्तियों
metrologist,मैट्रोलॉजिस्ट,मेट्रोलॉजिस्ट
madhura,मढ़ौरा,मधुरा
paliyon,पालियों,पलियों
apj,एपीजे,एपीज
beni,बैनी,बेनी
bhrashtaachaariyon,भ्रष्टाचारीयों,<unk><unk><unk
sudhaargrah,सुधारगृह,सुधारग्र
sandali,संदली,संदाल
janashiksha,जनशिक्षा,जनाशिक्ष
tapuwo,टापुओं,तपुवो
ballebaajee,बल्लेबाज़ी,बल्लेबाजी
maadheekhedhaa,माड़ीखेड़ा,माधीखेड़ा
arthshaastriyon,अर्थशास्त्रीयों,अर्थशास्त्रियों
scaining,स्कैनिंग,स्केनिंग
mehman,मेहमान,मेहमन
tyauharon,त्यौहारों,त्याहरों
beechbachaav,बीचबचाव,बबीच्चा
sulati,सुलाती,सुलती
varshan,वर्शन,वर्षण
patil,पाटिल,पतिल
soto,सोटो,सोतो
dhtuen,धातुएं,ध्टुएं
bhaagadaud,भागदौड,भागड़ौ
pagabadha,पगबाधा,पागबाध
arushi,आरुषि,अरुषी
agusta,अगस्ता,अगुस्त
titan,टाइटन,टिटान
airtel,एयरटेल,एयरटील
alaps,ऐल्प्स,अल्प्स
naksali,नक्सली,नक्साल
achivement,अचीवमेंट,अचिवेमें
foodon,फूडॉन,फूदों
rajnichi,राजनीचि,राजनीची
arya,आर्य,अर्य
streamwood,स्ट्रीमवुड,स्ट्रीमवड
music,म्यूजिक,मुसिक
tonic,टॉनिक,टोनिक
sunsaan,सूनसान,सुनसान
tangirala,टेंगीरला,टंगीराला
hanson,हेनसन,हैंसन
doudaate,दौड़ाते,दूड़ाते
vyakteeyon,व्यक्तीयों,व्यक्तियों
darjano,दर्जनों,दर्जनो
agniyaan,अग्नियां,अग्नियाँ
dhonaa,धोना,ढोना
awasthaen,अवस्थाएं,अवास्थाए
himamaanav,हिममानव,हिमामाव
two,टु,ट्
ail,ऐल,एए
shraddhavanon,श्रद्धावानों,श्रद्धावनों
mariyo,मारियो,मरियो
vyaghat,व्याघात,व्याघाट
michael,माईकल,मिचेल
adrgh,अद्र्घ,एड्रग
vitthal,विट्ठल,वित्थल
prarup,प्रारूप,प्रारुप
dhoondhti,ढूंढती,धूंधती
dubana,डुबाना,दुबाना
ladne,लडने,लड़न
form,फार्म,फॉर्म
zuari,जुवारी,ज़ुआरी
pariwarwale,परिवारवाले,परिवरवाले
peranormal,पैरानॉर्मल,पेरानोर्मल
iris,आईरिस,आइआरआ
pratigyapoorn,प्रतिज्ञापूर्ण,प्रतिग्यपूर्ण
lebalon,लेबलों,लेबालो
shreekrushnan,श्रीकृष्णन,श्रीकर्षण
snikarse,स्नीकर्स,स्नीकारस
kain,कईं,कैन
karta,कटरा,करता
anyay,अन्याय,अन्य
nokari,नोकरी,नोकार
precision,प्रिसिशन,प्रीसिजन
jue,जुए,जूए
bowling,बोलिंग,बोवलिं
catholicon,कैथोलिकों,कैथोलिकिन
nazarandaz,नजरंदाज,नज़ाराद
mulchand,मूलचंद,मुलचंद
sweccha,स्वेच्छा,स्वेचचा
nanyaulaa,नन्यौला,ननयौला
ghontana,घोंटना,घोंटन
advaitwad,अद्वैतवाद,अडवैटवाड
underwood,अंडरवुड,अंडरवूड
petroselee,पेट्रोसेली,पेट्रोसील
amdi,आमदी,अमदी
daisy,डेजी,दैसी
jababee,जबाबी,जबबी
cup,कप,सी
ulahna,उलाहना,उलहना
molina,मोलिना,मोलीना
gaandchubhonachoosnachhote,गांडचुभोनाचूसनाछोटे,<unk>
han,हां,हन
pradarshan,प्रर्दशन,प्रदर्शन
sarjuga,सरगुजा,सरजूगा
bidar,बीदर,बिदा
amargad,अमरगढ़,अमरगड
intelligence,इंटेलीजेंस,इंटेलिजेंस
khanaudaa,खनौदा,खनौड़
sim,सिम,सीए
lagnesh,लग्नेश,लगनेश
prishthabhoomiyon,पृष्ठभूमियों,पृषभूमियों
silchar,सिल्चर,सिलचर
margarita,मार्गरिटा,मारगरीता
udakishuganj,उदाकिशुनगंज,उदाकीशंगज
yamala,यमला,यमाल
sierra,सिएरा,सियरर
peck,पेक,पीए
daka,डाका,दकका
nominate,नॉमिनेट,नोमिनेट
sapat,सपाट,सपत
coimbatore,कोयम्बटूर,कॉइमबेटर
koraput,कोरापुट,कोरापूट
svayattshasan,स्वायत्तशासन,स्वायत्तसासन
vidyutikrit,विद्युतीकृत,विद्यूतिकृत
rigal,रीगल,रिगल
diamond,डायमंड,डायमां
sutrapada,सूत्रपाडा,सुत्रपाड़
keeti,कीति,कीती
pension,पेंषन,पेंशन
laganewale,लगनेवाले,लगानेवाल
jilavasiyon,जिलावासियों,जिलावसियों
ploskee,प्लोस्की,प्लोसकी
dow,डीओडब्ल्यू,डोव
vikaskhand,विकासखण्ड,विकासखांड
samshayon,संशयों,समशायो
badhanaa,बढना,बढ़ा
classon,क्लासों,क्लासन
ikhrul,उखरुल,इखरूल
ebaz,एबज,एबा
baataaya,बाताया,बाटाया
jushantan,जुशान्तान,जुशान्त
strong,स्ट्रॉन्ग,स्ट्रोंग
rajnitikaron,राजनीतिकारों,राजनीतीकोर
panipat,पानीपत,पनीपत
blankaard,ब्लांकार्ड,ब्लैंकार्ड
jhabua,झाबुआ,झबू
jacinto,जकिंटो,जैसिंट
barahsinga,बारहसिंगा,बराहसिंग
suchnah,सूचनाः,सूचना
electromagic,इलेक्ट्रोमैजिक,इलेक्ट्रोमेजिक
lalmani,लालमणी,लालमान
bhaaulaal,भाऊलाल,भौलाल
kathua,कठुआ,कथुआ
amitao,अमिताव,अमिताओ
tadanrustee,तदंरुस्ती,तदारुस्ती
vlad,व्लाद,व्लाड
slash,स्लैश,स्लाश
luis,लुईस,ल्यू
aryama,अर्यमा,अर्याम
vaadak,वादक,वाड़
sophner,सॉफ़्नर,सॉफनर
qwvga,क्यूडब्ल्यूवीजीए,क्ववग
sukadiyaal,सुकडि़याल,सुकड़ियाल
angadh,अनगढ़,अंगढ
chhodiye,छोडिये,छोड़िय
cipla,सिप्ला,सीआईपी
dhasmaanaa,धस्माना,धसमाना
longewal,लोंगोवाल,लोंगेवल
badam,बदाम,बदम
atraikt,अट्रैक्ट,एट्रैक्ट
nrityashaili,नृत्यशैली,नृत्याशैल
yakshadhipati,यक्षाधिपति,यक्षाधीपति
mukaddamon,मुकद्दमों,मुकददमों
phode,फोड़े,फोड़
jeewan,जीवन,जीवा
dhoondhata,ढूंढता,ढूँढ़त
cruces,क्रुसेस,क्रूसेज
pratibaddhtaaen,प्रतिबद्धताएं,प्रतिबद्ताताए
dlw,डीएलडब्ल्यू,डीएलवी
plan,प्लेन,प्पान
pailot,पायलट,पैलोट
phainn,फैंन,फेन
favvara,फव्वारा,फववारा
halchal,हालचाल,ाल
virechan,विरेचन,वियरेच
yaaddaashta,याद्दाश्त,यदद्दशत
ujjain,उज्जैन,उज्जेन
sahyaatre,सहयात्री,सहयात्रे
sarawagi,सारावागी,सरावगी
kundal,कुंडल,कुंदा
management,मैनेजमेंट,मैनजेमेंट
karyakaaryakartaon,कार्यकार्यकर्ताओं,कार्यकारकार्ताओं
distrabyuters,डिस्ट्रब्यूटर्स,डिस्ट्राब्यूटर्
thikane,ठिकाने,ठिकने
interactuality,इंटरटेक्चुअलिटी,इंटरक्ट्युलिटी
cdyaan,सीडीयां,सिड़ायन
south,साउथ,सौथ
nahinkarwaaee,नहींकरवाई,नहिंकरवाई
choodhe,चूड़े,चूढ़े
thirty,थर्टी,थिर्ट
nadsa,नक्सल,नदसा
gujarat,गुजरात,गुजरत
darshnarthee,दर्शनार्थी,दर्शनर्ती
nabha,नाभा,नभा
dhokebaaj,धोखेबाज,धोकेबाज
beeaaeeaaeeteeem,बीआईआईटीएम,बीअतीम
somwaar,साेमवार,सोमवार
wanon,वाणों,वनों
audhyogikaran,औद्योगिकरण,औध्योगीकरण
agrahari,अग्रहरि,अग्रहरी
aafa,आफॅ,आफा
misra,मिश्रा,मिसरा
cerebra,सेरेब्रा,सेरिबरा
naagrik,नागारिक,नाग्रिक
makarh,मकरः,मकार
gtor,जीतोड़,जीटीओर
maange,मांगे,माँगे
nilabh,नीलाभ,निलभ
mensharaab,मेंशराब,मेन्राा
singhade,सिंघाड़े,सिंघडे
hisaarah,हिसारः,हिसारा
ishaara,इशारा,ईशारा
paraamarshak,परामर्शक,परामर्षक
jhaadane,झाड़ने,झड़ने
theaters,थियेटर्स,थीटर्स
ambience,आंबियंस,एम्बिएं
surakshaah,सुरक्षाः,सुरक्षाह
baanyaa,बांया,बाँया
rookvaai,रुकवाई,रूकवाई
maurya,मौर्या,मौर्य
dhaiya,ढैया,धैया
spirits,स्पिरिट्स,स्पायरिट्
leandro,लियान्ड्रो,लीन्ड्रो
sean,शॉन,सीन
swarthparak,स्वार्थपरक,स्वर्थपरक
chuchiyaan,चूचियां,ुचिकाया
mahamidiya,महामीडिया,महामिदिया
shohadapantee,शोहदापंती,शोहदापतीं
kushaan,कुषाण,कुशान
jamloki,जमलोकी,जममोली
everest,एवरेस्ट,ईवेर्स
advivas,अधिवास,अदविवा
murrieta,मुर्रिएटा,मुरीरटा
tinplate,टिनप्लेट,टिनप्टेट
mezbaan,मेजबान,मेज़बा
pruitt,प्रूट,प्रिट
rojvelt,रुजवेल्ट,रोजवेल्ट
ulazaanon,उलझानों,उलजाानो
patrakaarvarta,पत्रकारवार्ता,पत्रकारवर्ता
duar,दुआर,डुआर
kathfodave,कठफोड़वे,कठफोडवे
offerh,ऑफरः,ओफरे
isayiyon,ईसाइयों,इसायियो
sikhin,सीखीं,सिखिन
cdcl,सीडीसीएल,सीसीडीएल
abbott,एबोट,एब्ब
katlari,कटलरी,कटलार
chitrakathaa,चित्रकथा,चित्रकता
phyuchuristic,फ्यूचुरिस्टिक,<unk>
tereeh,तेरीः,तीरीह
nanhe,नन्हें,नन्हे
avery,एवरी,एवेर
suba,सूबा,सुबा
shakhayen,शाखाएं,शखाएं
trikaldarshee,त्रिकालदर्शी,त्रिकलदार्शी
paalasaahee,पालसाही,पालासाह
failaiye,फैलाइए,फैलैइ
jhauvaa,झउवा,झौवा
jamati,जमाती,जमती
janhani,जनहानि,जन्हान
taswaron,तस्वारों,तस्वरों
hichkichaa,हिचकिचा,हिकचीचा
basteeh,बस्तीः,बस्तीह
phadphadaaen,फड़फड़ाएं,फड़ड़डाएं
svayamswikrat,स्वयंस्वीकृत,स्वयंस्विकरत
majboori,मज़बूरी,मजबूरी
jaipur,जयपुर,जैपुर
narm,नरम,नर्
titagarh,टीटागढ़,तीतागढ़
rajyamantreesvatantra,राज्यमंत्रीस्वतंत्र,राज्यमंत्र्येत्वर्त
mainval,मैनवल,मैंवल
gujarana,गुजारना,गुजराना
satluj,सतलुज,सतलूज
jatiyon,जातियों,जतियों
anhoni,अनहोनी,अंहोनी
telelinks,टेलीलिंक्स,टेलिलिंक्स
marriage,मैरेज,मैरिए
kaaryaawadhi,कार्यावधि,कार्यावाध
jalbharav,जलभराव,जलभारव
piega,पिएगा,पीगा
abhimat,अभिमत,अभीमत
accelya,एक्सेल्या,एक्सेला
wirerless,वायरलेस,वाररलरस
chauda,चौड़ा,चौडा
parbhani,परभणी,परभान
badhna,बढना,बढ़ा
dubona,डुबोना,डबोनो
baker,बेकर,बैकर
wealth,वेल्थ,वील्थ
patrani,पटरानी,पत्रान
castaneda,कास्टानेडा,कैस्टानेडा
bhatnagar,भटनागर,भटनगर
jaatakon,जातकों,जाटकों
ecuador,इक्वाडोर,इक्यूडर
swargdoot,स्वर्गदूत,स्वर्दगूत
rushikul,ऋषिकुल,ऋषूकील
tate,टेट,ततत
kanthhar,कंठहार,कंठर
beaulad,बेऔलाद,ब्यूलड
europea,यूरोपिया,यूरोपी
gaye,गए,गा
bikherane,बिखेरने,बिखेरान
hamlo,हमलो,ैमलो
packard,पैकर्ड,पैकार्
jagruti,जागृति,जागृती
andhra,आंध्रा,आंधरा
chounkate,चौंकाते,चौंकते
bekhvaabiyaan,बेख्वाबियां,बेखवाबियां
naphaa,नफ़ा,नफाा
sinha,सिन्हा,सिंहा
utpidan,उत्पीडऩ,उत्पीदान
dikhaaiye,दिखाइये,दिखाइए
udan,उड़ान,उदान
sanyuktawastha,संयुक्तावस्था,सं्युकतावस्था
shamtal,शमलात,शमताल
evava,एवव,ईवा
adhiwaktaagan,अधिवक्तागण,धधिवक्ततां
ralhan,रल्हन,राल्ह
jhuthalane,झुठलाने,झुठलने
bijendrasinh,बिजेन्द्रसिंह,बीजेन्द्रसिंह
chinmani,चिनमणि,चिनमान
loksbhavaali,लोकसभावाली,लोकस्भावली
ladki,लड़की,लाड़ी
narsinghgarh,नरसिंहगढ़,नरसिंघगढ़
sanghathanamantriyon,संगठनमंत्रियों,संघानमंत्रियों
augusta,अगस्ता,औगुस्त
manmarji,मनमर्जी,मनमारीज
antrmukh,अंतर्मुख,अंत्रमुख
rishtanaataa,रिश्तानाता,रिष्टनता
dviarthi,द्विअर्थी,ड्वियार्थ
chootile,चुटीले,ूूटीले
hattiesburg,हैटीज़बर्ग,हैटीसबर्ग
raigulization,रैगुलाइजेशन,रेगुलाइजेशन
fixingah,फिक्सिंगः,फिक्सिंह
kamjor,कमज़ोर,कमजोर
bhara,भरा,भार
chaudhavan,चौदहवां,चौढ़वां
falne,फलने,फालन
shrunkhla,श्रंखला,श्रुंखल
vipannta,विपन्नता,विपांता
proofread,प्रूफ़रीड,प्रूफ्रड
danga,दंगा,डांग
vyakhyatmakta,व्याख्यात्मकता,व्याख्यामत्ता
yojnah,योजनाः,योजनाह
webuniyadee,वेबुनियादी,वेबुनियाडी
seattle,सीऐटल,सीटल
stain,स्टैन,स्टेन
insaani,इनसानी,इंसानी
nutrio,न्यूट्रियो,न्यूटरियो
ladadd,लदड,लैड
antadiyan,अंतडियां,अंतादिया
kochchih,कोच्चिः,कोच्चीह
ganapathy,गणपति,गणपैथ
mukarrar,मुक़र्रर,मुकारर
niptakar,निपटाकर,निप्ताक
holidays,होलिडेस,होलीडेज
cooch,कूच,ूक
utthak,उठ्ठक,उत्तक
jagayega,जगाएगा,जगयेगा
panchang,पंचांग,पांचंग
zalana,झालाना,ज़लाना
nitya,नित्या,नित्य
ichchhee,इच्छी,<unk>
azoospermia,एजूस्पर्मिया,अज़ोप्रमिया
taavij,तावीज,ताविज
foodworks,फ़ूडवर्क्स,फूडवर्क्स
graham,ग्राहम,ग्रहम
dubna,डूबना,डुबना
tasir,तासीर,तासिर
eyarkandishnar,एयरकंडीशनर,यार्कांडिश
eddi,एड्डी,एडीडी
macon,मैकॉन,मैकोन
ainth,ऐंठ,एंट
dork,डॉर्क,डोर्क
ghareebon,ग़रीबों,घरीबों
taraashakar,तराशकर,तरााकर
observer,ऑब्जर्वर,ओब्सरवर
aarya,आर्यो,आर्य
saathsaath,साथसाथ,साठसाठ
packagon,पैकेजों,पैकागों
hindon,हिंडन,हिंडो
aprihary,अपरिहार्य,अप्रिहर्
manzil,मंजिल,मांजि
karvi,कर्वी,करवी
dubhashiyon,दुभाषियों,दुभाशियों
rikannekting,रिकनेक्टिंग,रिकानकेटिंग
client,क्लांइट,क्लिएंट
shararat,शरारत,शररात
ventura,वेंचुरा,वेंतुरा
rollins,रोलिंस,रोलिन्
krantiyon,क्रांतियों,क्रांटियों
gidgidate,गिड़गिड़ाते,गिडगिडेट
rishwatkhor,रिश्वतखोर,ऋश्वट्रों
garjana,गर्जना,गरजना
lewisville,लेविसविल,लेविस्वि
prakaashit,प्रकाषित,प्रकाशित
clariant,क्लैरिएंट,क्लैरियें
khaayal,क़ायल,खायाल
dwiarthi,द्विअर्थी,द्वियार्थ
bulandshahr,बुलंदशहर,बुलांदशह
stafford,स्टेफोर्ड,स्टाफर्ड
jeevniyaan,जीवनियां,जीवनियाँ
nyootriyo,न्यूट्रियो,न्यूत्रियो
baagbagichon,बागबगीचों,बागबगाचों
nagmandal,नागमण्डल,नागमंडल
pradadhikariyon,प्रदाधिकारियों,प्रादाधिकारियो
neal,नील,नेल
kriptocurrencyon,क्रिप्टोकरेंसियों,क्रिप्कोटर्ेंस
svaayattshaasan,स्वायत्तशासन,स्वायत्त्सान
zarda,जर्दा,ज़रदा
uplakshya,उपलक्ष्य,उप्लक्ष्
mukhyamantripatana,मुख्यमंत्रीपटना,मुख्यमंत्रपितान
gene,जैने,जेन
mhantam,महानतम,महान्ट
mtech,एमटेक,मेटक
denevali,देनेवाली,देनेवली
langaron,लंगरों,लंगारो
polythenon,पॉलिथीनों,पॉलीथेनों
dhundh,ढूंढ,धूंढ
haan,हां,हाँ
pulinde,पुलिंदे,पुलिंडे
vigyaanapeediyaa,विज्ञानपीडिया,विज्ञापनीडिया
mahoney,महोनी,महोने
ekstactor,एक्सटेक्टर,एक्स्टैक्ट
zunheboto,ज़ुन्हेबोटो,जुन्हेबोट
sukhakar,सूखाकर,सुखकर
phaans,फाँस,फांस
bombay,बॉम्बे,बोमबे
vyagra,व्यग्र,व्याग्
charlotte,शार्लेट,चारलोट
raileeh,रैलीः,रैलीह
mejbaan,मेज़बान,मेजबान
dhandhanya,धनधान्य,धंधन्या
dabur,डाबर,दाबु
bsss,बीएसएसएस,बीएसएस
avsthayen,अवस्थाएं,अवस्थाये
dharmanirpekshtaake,धर्मनिरपेक्षताके,धर्मनिरपेक्षेतका
farmer,फार्मर,फर्मर
nacl,एनएसीएल,नेएसीएल
somerville,समरविल,सोमरवि
jhulae,झुलए,झुला
dhasmana,धस्माना,धसमाना
bhagdaud,भागदौड़,भगड़ौद
bhulon,भूलों,भुलों
vadali,वडाली,वड़ली
nagappattinam,नागापट्टिनम,नागप्ततिन्म
vaimanya,वैमनस्य,वैमन्य
mahattaron,महत्तरों,महात्तरो
orchha,ओरछा,ओर्छ
dhairyavaan,धैर्यवान,धैर्यवां
sund,सूंड़,संड
zuban,ज़ुबान,ज़ुबन
camstudio,कैमस्टूडियो,कैम्स्ट्डूय
bhusawal,भुसावल,भूसावल
gayatri,गायत्री,गयात्री
ware,वेयर,वारे
enth,ऐंठ,एंट
radar,रदर,राद
ilayachi,इलाइची,
shreeganganagarwaasiyon,श्रीगंगानगरवासियों,श्रीगंगावादिवियों
fitzgerald,फिजराल्ड़,फिज्टगल्ड
chart,चार्ट,चर्ट
murmur,मरमर,मुरम
wipkha,विप्ख,विपखा
bayaane,बयाने,बायान
madanaganja,मदनगंज,मदानगग
packageon,पैकेजों,पैकेजन
jyada,ज़यादा,ज्यादा
tewree,तेवरी,टेवरी
jhaugunj,झाउगंज,झागुंज
tadanrusti,तदंरुस्ती,तदनरसुत्त
el,ऐल,एए
qabzaa,क़ब्ज़ा,क़्बज़ा
sandhol,संधोल,सांधो
aamariyapadha,आमरियापाड़ा,आरमियापाध
bowling,बाउलिंग,बोवलिंग
rasme,रस्मे,रसमे
emdablyupiel,एमडब्ल्यूपीएल,एमडब्लायुलियॉ
vidhaaon,विद्याओं,विधाओं
singha,सिंहा,सिंघा
pensiondhariyon,पेंशनधारियों,पेन्सनधारियो
barah,बारह,बरह
dubana,डूबना,दुबान
chouhan,चौहान,चोहान
phalne,फलने,फलले
siddhaarthah,सिद्धार्थः,सिद्धारथ
shrikhand,श्रीखंड,श्रीखण्
textiles,टेक्सटाइल्स,टेक्स्टीलास
agarwal,अग्रवाल,अगरवाल
mithyaachariyon,मिथ्याचारियों,
cement,सिमटे,सीमें
kraanfrensing,क्रान्फ्रेंसिंग,क्राफ़्रेंसिंग
sanskrutiyon,संस्कृतियों,संस्कुरितिय
dhankkar,ढंककर,ढांकक
chhatenee,छतेनी,छटेनी
dushkriyaa,दुष्क्रिया,दुश्क्रिया
sasaram,सासाराम,ससाराम
lamba,लाम्बा,ला्बा
lautis,लउटिस,लाउटि
khaen,खाएँ,खैं
dhndhe,धंधे,धन्ध
antayant,अन्त्यन्त,अंतयांत
mass,मास,एमस
kremistry,क्रेमिस्ट्री,क्रीमिस्ट्री
uthanevale,उठनेवाले,उठानेवाल
lehna,लहना,लेहा
siragitti,सिरगिट्टी,सिराग्टित
control,कंट्रोल,कॉन्ट्र
andaajee,अंदाजी,अन्दाज
cateline,कैटलिन,केटेला
pakshpat,पक्षपात,पक्षपत
fodo,फोड़ों,फोडो
franciska,फ्रांसिस्का,फ्रैंसिक्ा
prayogaprushth,प्रयोगपृष्ठ,प्रयोगप्रष्
krantidhara,क्रांतिधरा,क्रांतिधार
daishwala,डैशवाला,दैशवाला
khurasan,खुरासान,खुरासन
quarantine,क्वॉरेनटाइन,क्वारटानी
fond,फोंड,फॉन्
pakshapat,पक्षपात,पक्षपत
putla,पुतला,पुटला
sathsath,साथसाथ,साथसाठ
johnson,जॉनसन,जोहनस
bataaya,बाताया,बताया
tughlaqabad,तुगलकाबाद,तुघलाकाबा
apcotex,एपकोटेक्स,एप्कोटेक्
hairam,हैरम,हैरा
sarebajar,सरेबाजार,सरेबाजर
jerusalem,येरुशलम,जररुसले
fefda,फेफड़ा,फेफडा
kamottejna,कामोत्तेजना,कामटटेजना
dampati,दंपति,दामपत
barbartapurna,बर्बरतापूर्ण,बर्बतरपूर्ण
tadipar,तड़ीपार,तड़ीपर
lutf,लुत्फ,लूटीफ
chataa,चता,चटा
pittman,पिटमैन,पिट्टम
pahla,पहला,पाहल
multimedia,मल्टीमीडिया,मल्टीमडिया
tyohaar,त्यौहार,त्योहार
label,लेबल,लबेल
tirthatan,तीर्थाटन,तीर्थतन
vargas,वर्गस,वरगस
dabolim,डाबोलिम,डबोलिम
soochnaah,सूचनाः,सूचनाह
roseville,रोज़विल,रोसेविल
phaaeebrets,फ़ाईब्रेट्स,फाईब्रेट्स
aalto,ऑल्टो,आल्टो
partanee,परतानी,पर्तनी
kshetron,क्षेत्राें,क्षेत्रों
pragyatantra,प्रज्ञातंत्र,प्रज्यतंत्र
duneerti,दुर्नीति,दुनीर्ती
crosse,क्रॉस,क्रोस
dhiryawaan,धैर्यवान,धिर्यवां
time,टाइम,टीमे
jyotishi,ज्योतिषि,ज्योतिषी
alexandria,एलेक्जेंड्रिया,एलेकेस्ैंड्राय
bewakoofaanaa,बेवकूफाना,बेवकूफ़ान
uzbek,उज़्बेक,उज़बेक
dharmaviheenataa,धर्मविहीनता,धर्मवीहीनता
arunachal,अरुणाचल,अरण<unk
krueger,क्रुएगर,क्रूगर
davindarpaal,दविन्दरपाल,दविंदरपाल
chaplusi,चापलूसी,चैपलसी
engines,इंजन्स,इंजीन
mendez,मेंडेज़,मेंडेज
gajara,गजरा,गजार
kavi,कवि,कवी
midnapore,मिदनापुर,मिडनापोर
vrutton,वृत्तों,व्रटटन
sirmon,सिरमोन,सिरमों
vartman,वर्तमान,वार्टमै
ubhrega,उभरेगा,उभ्रेग
pilot,पायलट,पिलोट
entreeks,एंट्रीक्स,एं्ट्रिक्
dayton,डेटन,डेयट
badoo,बडू,बड़
allrounder,ऑलराउंडर,एलरॉडर
nishra,निश्रा,निशरा
wadhawan,वधावन,वाधवा
jensen,जेन्सन,जेनसेन
pali,पाली,पली
trimasik,त्रैमासिक,ट्रिमासिक
attraikt,अट्रैक्ट,एट्रैटक्
vavidyaalaya,वविद्यालय,वविद्याया
chandan,चंदन,चैंड
mattancheri,मट्टानचेरी,मत्तानेरी
kamtar,कमतर,कामत
pityooniya,पिट्यूनिया,पित्यूनिया
purooshottampur,पुरूषोत्तमपुर,पूरोष्टतमपुरम
jubaan,ज़ुबान,जुबान
enseeaardablyoosee,एनसीआरडब्ल्यूसी,एन्डीसार्ब्यालि
haimbalin,हैम्बलिन,हैइबलिनि
chhetri,छेत्री,छेतरी
omaxe,ओमैक्स,ओमाक्स
premphalah,प्रेमफलः,प्रेमफला
narmi,नरमी,नर्म
shrinkhalaon,श्रंखलाओं,श्रींखलाओ
teeron,तीरों,टीरों
jhada,झाड़ा,झड़ा
anupama,अनुपमा,अनुपाम
bindal,बिन्दल,बिंदाल
zavala,ज़वाला,ज़वला
aamriyapada,आमरियापाड़ा,आरिमयापाड़ा
macias,मैकियास,मैसियाज
medical,मेडीकल,मेडिकल
da,दा,डी
tyoharon,त्यौहारों,त्योहरों
uttra,उत्तरा,यूट्टी
dafan,द़फन,दाफा
khaaskar,ख़ासकर,खासकर
raith,रैथ,रेथ
gudagaunw,गुडगौंव,गुड़ागो
sahab,साहब,सहब
udaanon,उड़ानों,उदानों
majesco,मेजेस्को,माजेस्को
bombi,बांबी,बोंबी
biji,बिजी,बीजी
gulf,गल्फ,गुल्
kaaloniwaasiyon,कालोनीवासियों,कालोनिवासियों
aavritiyon,आवृत्तियों,आवृतियों
chamach,चमच,चछम
allcargo,ऑलकार्गो,एल्कार्ग
harana,हारना,हराना
pravinses,प्राविंसेस,प्रविंसेस
chhetthari,छेत्री,छेत्तर
sapa,सपा्,सपा
parchiyon,पर्चियों,परचियों
liphaaphaa,लिफ़ाफ़ा,लिफाा
darshana,दर्शाना,दर्शना
garrison,गेरीसन,गैरिसन
aakandon,आकंड़ों,आकां्डो
dhandon,धंधों,धांडो
distreebyootaree,डिस्ट्रीब्यूटरी,दिस्त्रीब्यूतरी
khatri,खत्री,खततीर
panjika,पंजिका,पंजीका
ravaley,रावले,रवले
sipahi,सिपाही,सिपही
notebandishuda,नोटबंदीशुदा,नोटेबंडीशुद
devlaha,देवलहा,देवलाह
jhamaaten,ज़मातें,झमतें
massey,मैसी,मससी
vivaranahbhaarateey,विवरणःभारतीय,विवरणभहराती
nagercoil,नागेरकोइल,नेगरकोइल
lakhkhi,लख्खी,लखखी
achhi,अच्छी,अछी
satin,सैटिन,सतीन
basirhat,बसीरहाट,बसिरहत
chhelai,छेलै,छेला
ubarkar,उबरकर,उबारक
sanyuktavastha,संयुक्तावस्था,संयुक्तवास्था
suri,सूरी,सुरी
bhapaai,भपाई,भापा
mhathir,महाथिर,माथािर
hong,हॉन्ग,होंग
langron,लंगरों,लैंगरो
uthane,उठने,ठठने
badaa,बडा़,बड़ा
mishra,मिश्रा,मिशर
shat,षट्,शत
manhattan,मैनहट्टन,मनहट्टन
evening,ईवनिंग,इवेनिं
grahankaal,ग्रहणकाल,ग्राहणका
bagali,बागली,बगाली
neeoo,नीऊ,नीू
jedateeisaft,जेडटीईसाफ्ट,जेडटीएफसीट
naagmandal,नागमण्डल,नागमंडल
machilipatnam,मछलीपट्टनम,माचिलीट्टन
contracting,कॉन्ट्रेक्टिंग,कांट्रैक्टिंग
qraar,क़रार,क्रार
jaun,जौं,जौन
bhaloo,भाालू,भलू
girijagharon,गिरजाघरों,गिरिजाघरो
arthavyavasthaah,अर्थव्यवस्थाः,अर्थवव्यवस्था
oxys,ऑक्सीज,ओक्सीज
chashma,चष्मा,चश्मा
batao,बताअाे,बताओ
ghrutakumaaree,घृतकुमारी,घुरकटुमार
pratestent,प्राटेस्टेंट,प्रेटस्टेंट
bauer,ब्युर,बौएर
upyogitawadiyon,उपयोगितावादियों,उपयोगातावादियों
toogaa,टूगा,तूगा
samadjiyon,समाधियों,समदजियों
mwp,एमडब्ल्यूपी,एमवीपी
suraj,सूरज,सुरा
neuroscientists,न्यूरोसाइंटिस्ट्स,न्यूरोसेनिट्सिंट
chandreshwaranagar,चंद्रेश्वरनगर,चंद्रेश्वरन
tanish,टैनिस,तनीश
farukhnagar,फर्रूखनगर,फरखूनगर
awaazon,आवाज़ों,अवाजों
pashuchaaraa,पशुचारा,<unk><u
webuniyadi,वेबुनियादी,वेबुनाईडी
danbury,डेनबरी,डैबरी
naidillee,नईदिल्ली,नैदिल्ली
rowan,रोवन,रोवा
sheopur,श्योपुर,शेयूपर
rawlani,रव्लानी,रावलानी
masse,मस्से,मासे
insurance,इंश्योरेंस,इंस्यूरेंस
raashtraa,राष्ट्रा,राश्ट्र
judai,जुदाई,जुड़ा
badamaashon,बदमाशाें,बदमाशों
swayam,स्वयँ,स्वाय
aagah,आग़ा,आगाह
dhindhwal,ढिंडवाल,धिंधवाल
ghise,घिसे,गिसे
nikharen,निखारें,निखरें
brahmapur,ब्रह्मपुर,ब्रह्मापु
baytown,बैटाउन,बैयटान
yooniyanwaadi,यूनियनवादी,यूनियावाड़
chhapemar,छापेमार,छापेमर
gareebon,ग़रीबों,गरीबों
thousand,थाऊजेंड,थाउसंड
dasila,डसीला,दासील
kanjentevaaitis,कंजेंटेवाइटिस,कंजेनेवेटाईटि
badhaon,बाधाओं,बढ़ाओं
capdhari,कैपधारी,कापाधार
atri,अत्री,एट्री
singam,सिंगम,सिंगा
vastvik,वास्तविक,वास्त्वि
substensis,सबस्टेंसिस,सब्सेट्सिस
lalkarta,ललकारता,लालकर्त
narsanharon,नरसंहारों,नरसंहरों
neemkathana,नीमकाथाना,नीमकथाना
junun,जुनून,जुनुन
jalagati,जलगति,जलगती
adanga,अड़ंगा,आदंगा
alasi,आलसी,अलास
layton,लेटन,लेयट
vakrangee,वकरंगी,वकर्ंग
development,डेवलपमेंट,डेवलपें्ट
shawnee,शॉनी,शावन
bagichi,बगीची,बागीच
aalsi,आलसी,आल्स
view,व्यू,वीयू
vishhin,विषहीन,विश्नि
kissagoi,किस्सागोई,किस्साो
chikitsaevam,चिकित्साएवं,चिकित्सावैम
bhattacharya,भट्टाचार्य,<unk>
trenton,ट्रेंटन,ट्रेन्ट
kanyaein,कन्याएं,कन्यां
priyadarshini,प्रियदर्शिनी,प्रियारद्शिन
hukhookh,हुक़ूक़,हुखूख
shulkah,शुल्कः,शुलकाह
rane,राणे,रने
mahavidya,महाविद्या,महाविद्य
sanshyon,संशयों,संश्यो
shreneeh,श्रेणीः,श्रेनीह
benitez,बेनिटेज़,बेनाइटज
tyohar,त्यौहार,त्योहर
shavyaatra,शवयात्रा,शव्यात्र
rishtey,रिश्ते,रिश्टे
qss,क्यूएसएस,कीएसएस
brigade,ब्रिगेड,ब्रिगडे
chuneen,चुनीं,चुनीन
koshadhikaari,कोषाधिकारी,कोषाधीकारी
paltane,पलटने,पल्टा
karneshwardham,कर्णेश्वरधाम,कर्नेश्वरधाम
aaryanas,आर्यनस,आर्यान
pratishthanon,प्रतिष्ठानोंं,प्रतिष्ठनों
karaikal,कराईकल,कराइकल
uski,उसकी,युस्
vipreetataa,विपरीतता,विप्रीता
parikshao,परीक्षाओ,परिक्षाओ
laaminaar,लामिनार,लामिनर
nano,नैनो,ननो
orissa,ओडिसा,ओरिसा
tomar,तोमर,टोमर
thappadhabaajhee,थप्पड़बाज़ी,थप्डाभाझाी
attahasa,अट्टहास,अत्हासा
colan,कोलन,कोले
pratileetar,प्रतिलीटर,प्रतिलीतर
utpeedan,उत्पीडऩ,उत्पीड़न
bahulya,बाहुल्य,बहुल्या
aswbhavik,अस्वभाविक,अस्भवविक
kathhnaeeyon,कठनाईयों,कठननाइयो
vasulta,वसूलता,वसुलता
maria,मारिया,मरिया
satmev,सत्मेव,सतमेव
buddhijivon,बुद्धिजीवों,बुद्धीजीवों
jodo,जोड़ो,जोडो
harna,हारना,हरना
registerd,रजिस्टर्ड,रेजिस्टर
lima,लिमा,लीमा
ratnabhooshan,रत्नाभूषण,रत्नभूषण
sparivar,सपरिवार,स्परीवर
sah,साह,सह
sametti,समेटती,समेट्ट
braat,बरात,ब्रा
villa,विला,विल्
chellani,चेलानी,चेल्लन
electronics,इलेक्ट्रॉनिक्स,इलेक्ट्रोनिक्स
rishiraj,ऋषिराज,रिशीरा
udaipur,उदयपुर,उदीपुर
pagla,पगला,पागल
ritukaant,ऋतुकांत,ऋतुकान्
jhaohuee,झाओहुई,झाओउ
uppidan,उप्पीड़न,उप्पिडन
duar,दोआर,डुआर
avi,अवि,अवी
jadet,जड़ित,जडेत
taiboo,टैबू,तैबू
programmers,प्रोग्रामर्स,प्रोग्राम्मर
taylorsville,टेलर्सविले,टैलोर्सविल
chadron,चादरों,चाडरों
krutya,कृत्या,क्रुट्
peeran,पीरान,पीरण
chaudhawan,चौदहवां,चौढ़ावन
swargadoot,स्वर्गदूत,स्वर्गडूत
independet,इंडिपेन्डेट,इंडीपेंडेट
gurdon,गुर्दों,गुर्डों
samanwayaka,समन्वयक,सामनवाय
sube,सूबे,सुबे
chandana,चंदन,चंदा
praarambhikataa,प्रारंभिकता,प्रारामभिकत
trap,ट्रैप,ट्राप
udant,उदंत,उदां
wadaraa,वदरा,वादा
fadfadaen,फड़फड़ाएं,फड़ड़ाएं
vigyaanvaadiyon,विज्ञानवादियों,विज्ञावादियों
kamzor,कमज़ोर,कम्ज़ो
youngstown,यंगस्टाउन,याउंगस्टा
aaryam,आर्यम्,आर्यम
patkathaein,पटकथाएं,पटकाठाए
bajpai,बाजपेयी,बजपेई
jassee,जस्सी,जससी
nau,नाऊ,नूई
lagataar,लागातार,लगतार
suman,सुमन,सुमा
mindtree,माइंडट्री,मिंड्त्री
distributary,ड्रिस्ट्रीब्यूट्री,डिस्ट्रिब्यूटीरी
jankaron,जानकारों,जनकरों
shankacharaachaarya,शंकचराचार्य,
offshore,ऑफशोर,ओफ़शो
dumghontu,दमघोंटू,दुम्घों
videoh,वीडियोः,विदेयो
rajman,राजमां,राजमान
mitra,मित्रा,मितरा
ocoee,ओकोई,ओकीय
kainawij,कैनविज,कैनावी
galaxion,गैलेक्सियों,गैलेक्सिन
jivaniya,जीवनियां,जिवनिया
augustine,अगस्टाइन,आगुस्टाइ
bitane,बीताने,बिटाने
bairaadh,बैराढ,बैराध
kambalon,कंबलों,कम्बलो
fatama,फातमा,फटामा
vives,विवेस,वाइव
dwt,डीडब्ल्यूटी,डीवीटी
pitne,पीटने,पिटने
bichchon,बिच्चों,बिच्छों
jita,जिता,जीता
sevala,सेवाला,सेवला
bataur,बताैर,बटौर
aditya,आदित्या,अदित्य
ankeny,एंकेनी,अंकीनी
chheter,छेत्र,छेतेर
enthe,ऐंठे,एंटे
balty,बाल्टी,बैल्टी
beeeseses,बीएसएसएस,बीसीज
banjajasam,ब्ंजजसम,बंजजसाम
linmarga,लिंमर्ग,लिनमार्
pereddy,पेरेड्डी,पेरेडीडी
focus,फ़ोकस,फोकस
sreeleathers,श्रीलेदर्स,स्रीलीथर्स
mahankmadaan,महंकमदान,महांकमडा
ghunsa,घूंसा,घुंसा
jaankaaron,जानकारों,जांकारों
rishtedaaro,रिश्तेदारो,रिष्टेदारो
shravani,श्रावणी,श्रवणी
jewellers,ज्वेलर्स,जेवेलर्स
mehaman,मेहमान,मेहमन
chabutre,चबूतरे,चाबुत्
haradil,हरदिल,हराडि
neurovascular,न्यूरोवेस्कुलर,न्यूरोवेस्क्यु
lakshayatirth,लक्ष्यतीर्थ,लक्षयातीर्थ
nations,नेशंस,नेशन्
paathshaalaayein,पाठशालाएं,पथळशाएलें
nivedanah,निवेदनः,निवेदना
lidaron,लीडरों,लीदरों
tanla,टेनला,टनला
poorvapekshaon,पूर्वापेक्षाओं,पूर्वपेक्षाओं
mani,मणि,माई
somvar,साेमवार,सोमवर
pran,प्राण,प्रन्
avegyanik,अवैज्ञानिक,अवेज्ञानिक
aviation,ऐवीऐशन,एवियेश
brown,ब्राउन,ब्रॉन्
adhivas,अधिवास,औढ<unk
janjagran,जनजागरण,जजनग्रा
rajnandgaon,राजनंदगांव,रजणंद्गाव
bhalu,भाालू,भाउू
chicopee,चिकोपी,ििचोपी
refractories,रिफ्रेक्टरीज़,रीफ्रैक्टरीज़
baramad,बरामद,बरामड
kav,काव,कव
emerald,एमरल्ड,ईमैरल्
fadfadaaen,फड़फड़ाएं,फ़डफड़ाएं
kaylana,कायलाना,कयलाना
paints,पेंट्स,यींट्स
pittsburgh,पिट्सबर्ग,ििट्सब्रु
hokhat,होखत,ोखखट
chaurasiya,चौरसिया,ौौरसिया
sacchidanand,सच्चिदानंद,षचचीदानंद
seide,सीड,सीआ
charon,चारों,चरों
rizvi,रिज़वी,ृजजवी
danpati,दंपति,दाँपत
doorgadh,दूर्गध,दूरगढ़
latakkar,लटककर,लटटकर
mehmaan,मेहमान,मेमान
ataher,अतहर,आतहे
tungnath,तुंगनाथ,टुंगनाथ
raghupati,रघुपति,घरूपति
prakandh,प्रकाण्ड़,्रॉकंध
changed,चेंज्ड,ैैंजड
gangtok,गंगटोक,गैंगटो
francisco,फ्रांसिस्को,्फैंससिक्स
bhagane,भगाने,भगणे
adangaa,अड़ंगा,ऐदँगा
fixingh,फिक्सिंगः,फिस्किंह
kamau,कमाऊ,कमौ
tikone,तिकोने,टिकोने
pam,पैम,पीए
tarikon,तरीक़ों,तरीकों
kidwai,किदवई,किदवा
aashriton,आश्रितों,आषृतों
raghavan,राघवन,रघघनव
janeudhari,जनेऊधारी,जनझौधरी
preranaapuree,प्रेरणापुरी,्रेरेणापुरी
lordaa,लोरदा,लोर्ड
swabhavatah,स्वभावतः,स्भवभतः
grishmotsav,ग्रीष्मोत्सव,गृष्मोत्वस
saharsa,सहरसा,सहसरा
moshe,मोशे,मोसे
aliance,अलायंस,एलियंस
tagde,तगड़े,टाग्ड
chinke,छींके,ििंके
siwan,सिवान,सीआनव
thaki,थकी,थक
letakar,लेटकर,लेटाक
hikariko,हिकारिको,हीकारिको
tyres,टायर्स,टाइर्स
deerfield,डियरफील्ड,डीअरफील्ड
charit,चरित,चरृत
bethlehem,बैथलहम,बेथलेह
fineotex,फिनोटेक्स,िैनोइटेक्
pehan,पहन,पेह
dhanshyaam,धनश्याम,धंश्याम
faarensis,फारेंसिस,फायरेंसि
dubaana,डुबाना,दुबाना
karaboriyon,काराबोरियों,करबोरियों
golamuree,गोलमुरी,गोलामूर
raakhnau,राखणौ,रखखना
punchang,पंचांग,ूपचंंग
breed,ब्रीद,ब्रीड
gullaravaalaa,गुल्लरवाला,गुल्रावला
awp,एडब्ल्यूपी,एओआपी
baji,बाज़ी,बजजी
premeshwar,प्रेमेश्वर,््रेमेश्वर
prapt,प्राप्त,्रप्प्ट
naksalwaad,नक्सलवाद,नकसलवावा
kanthahar,कंठहार,कंठभर
oxide,ऑक्साइड,ओक्साइड
khairati,खैराती,खैरती
sunaseer,सुनासीर,सुनसीर
aphasaron,अफसराें,अफसरों
chabate,चबाते,चबतते
miti,मिति,मीती
belcha,बेलचा,ेबलचा
saflata,सफ़लता,सफलता
shbana,शबाना,श्बान
shivastava,शिवास्तव,शिवस्तवा
preranapuree,प्रेरणापुरी,्रेरेणपुरी
